Enterprise Name,Query Type,Query,Supporting Facts
ZX Bank,Descriptive,What awards did ZX Bank Ltd. win in 2023?,"[{""filename"": ""Awards & Recognitions.md"", ""text"": ""Best Digital Transformation Bank \u2013 South Asia (2023): Recognized for pioneering digital onboarding, robust mobile app (ZX Bank Asia), and adoption of AI chatbot \""Zia\"" across all operating countries.""}, {""filename"": ""Awards & Recognitions.md"", ""text"": ""Financial Inclusion Leadership Award \u2013 Bangladesh (2023): Celebrated for expanding access to digital banking, microfinance, and financial literacy in rural and underserved regions.""}, {""filename"": ""Awards & Recognitions.md"", ""text"": ""Best Women\u2019s Banking Initiative \u2013 South Asia (2023): Recognized for specialized micro-loan programs and financial empowerment projects for women-led enterprises.""}, {""filename"": ""Awards & Recognitions.md"", ""text"": ""Top NRI Services Provider \u2013 Bhutan & Nepal Corridor (2023): Appreciated for seamless, fast remittance corridors and superior NRI account services connecting families across borders.""}]"
ZX Bank,Analytical,Why was ZX Bank recognized for its digital initiatives in 2023?,"[{""filename"": ""Awards & Recognitions.md"", ""text"": ""Best Digital Transformation Bank \u2013 South Asia (2023): Recognized for pioneering digital onboarding, robust mobile app (ZX Bank Asia), and adoption of AI chatbot \""Zia\"" across all operating countries.""}]"
ZX Bank,Comparative,How does ZX Bank's 2023 recognition in Bangladesh differ from that in South Asia?,"[{""filename"": ""Awards & Recognitions.md"", ""text"": ""Financial Inclusion Leadership Award \u2013 Bangladesh (2023): Celebrated for expanding access to digital banking, microfinance, and financial literacy in rural and underserved regions.""}, {""filename"": ""Awards & Recognitions.md"", ""text"": ""Best Digital Transformation Bank \u2013 South Asia (2023): Recognized for pioneering digital onboarding, robust mobile app (ZX Bank Asia), and adoption of AI chatbot \""Zia\"" across all operating countries.""}]"
ZX Bank,Boolean,Is ZX Bank involved in green financing initiatives?,"[{""filename"": ""Awards & Recognitions.md"", ""text"": ""Excellence in Green Finance Award (2022): Honored for innovative green financing projects supporting Bhutan\u2019s hydropower and Nepal\u2019s solar ventures, advancing ESG goals in banking.""}]"
ZX Bank,Temporal,When did ZX Bank receive recognition for SME banking in Sri Lanka?,"[{""filename"": ""Awards & Recognitions.md"", ""text"": ""Outstanding SME Bank \u2013 Sri Lanka (2022, 2023): Commended for tailored SME lending solutions and remittance services benefiting entrepreneurs and small businesses.""}]"
ZX Bank,Comparative,How do ZX Bank's Business Loans cater to different customer segments?,"[{""filename"": ""ZX Bank \u2013 Business Loans.md"", ""text"": ""ZX Bank supports entrepreneurs, small businesses, and corporates across South Asia with a comprehensive suite of Business Loans designed for growth, innovation, and resilience.""}, {""filename"": ""ZX Bank \u2013 Business Loans.md"", ""text"": ""Customized Solutions: Products tailored for SMEs, corporates, exporters, and women-led businesses.""}]"
ZX Bank,Analytical,Why is digital banking important for ZX Bank's Business Loan customers?,"[{""filename"": ""ZX Bank \u2013 Business Loans.md"", ""text"": ""Digital Banking: Manage your loan through the ZX Bank Asia app or NetBanking.""}, {""filename"": ""ZX Bank \u2013 Business Loans.md"", ""text"": ""AI Finance Assistant \""Zia\"": Instantly check eligibility, required documents, and estimated EMIs via the ZX Bank Asia app.""}]"
ZX Bank,Procedural,How can I apply for a business loan at ZX Bank?,"[{""filename"": ""ZX Bank \u2013 Business Loans.md"", ""text"": ""Visit: Any ZX Bank branch in your country, or apply online via ZX Bank Asia App.""}, {""filename"": ""ZX Bank \u2013 Business Loans.md"", ""text"": ""Eligibility: Proprietorships, Partnerships, Private/Public Limited Companies, Start-ups, Women Entrepreneurs.""}, {""filename"": ""ZX Bank \u2013 Business Loans.md"", ""text"": ""Documents: Business proof, Financial statements, KYC documents, Project report.""}]"
ZX Bank,Boolean,Does ZX Bank offer loans specifically for women entrepreneurs?,"[{""filename"": ""ZX Bank \u2013 Business Loans.md"", ""text"": ""Women Empowerment Loans: Tailored loans for women entrepreneurs and women-led businesses across South Asia.""}]"
ZX Bank,Procedural,How do I apply for a cheque book via the ZX Bank Mobile App?,"[{""filename"": ""Apply for a Cheque Book.md"", ""text"": ""1. **Login:** Open the **ZX Bank Asia** app and log in using your credentials or biometric authentication.\n2. **Navigate:** Go to **Services** or **Request Services** on the home menu.\n3. **Select:** Tap on **Cheque Book Request**.\n4. **Choose Account:** Select the account for which you need the cheque book.\n5. **Confirm Details:** Enter delivery address (if different from registered address).\n6. **Submit:** Review and submit your request. \n You\u2019ll receive a confirmation SMS/email with the estimated delivery time.""}]"
ZX Bank,Procedural,What steps should I follow to apply for a cheque book through NetBanking?,"[{""filename"": ""Apply for a Cheque Book.md"", ""text"": ""1. **Log in** to [ZX Bank NetBanking](https://www.zxbank.asia).\n2. Go to **Services > Cheque Book Request**.\n3. Select your account and number of leaves required.\n4. Verify your address and submit the request.\n5. Track status online under **Request History**.""}]"
ZX Bank,Procedural,How can I apply for a cheque book at a ZX Bank branch?,"[{""filename"": ""Apply for a Cheque Book.md"", ""text"": ""1. Visit your nearest **ZX Bank branch**.\n2. Fill out the **Cheque Book Request Form** at the counter.\n3. Submit it to the bank officer along with valid ID, if required.\n4. Collect acknowledgment receipt with expected dispatch date.""}]"
ZX Bank,Descriptive,What are the different ways to apply for a cheque book at ZX Bank?,"[{""filename"": ""Apply for a Cheque Book.md"", ""text"": ""Applying for a cheque book from ZX Bank is simple and can be done through multiple convenient channels: Mobile App, NetBanking, At Branch, ZX Bank ATM, and Customer Care. \n1. **Mobile App:** Log in, navigate to Services, tap Cheque Book Request, select account, confirm details, and submit.\n2. **NetBanking:** Log in, go to Services > Cheque Book Request, select account, verify address, and submit.\n3. **At Branch:** Visit branch, fill out form, submit with ID, collect receipt.\n4. **ATM:** Insert card, enter PIN, go to Services, select account, confirm request.\n5. **Customer Care:** Call helpline, verify details, place request, note reference number.""}]"
ZX Bank,Analytical,Why might someone prefer using the ZX Bank mobile app to request a cheque book?,"[{""filename"": ""Apply for a Cheque Book.md"", ""text"": ""Using the ZX Bank mobile app offers several conveniences: it allows users to request a cheque book from anywhere without needing to visit a branch, provides secure login with credentials or biometric authentication, and lets users receive instant confirmation with estimated delivery time. Additionally, it enables easy tracking of the request status directly within the app.""}]"
ZX Bank,Descriptive,What is UPI and how does ZX Bank Asia support it?,"[{""filename"": ""(UPI) \u2013 ZX Bank Asia.md"", ""text"": ""Unified Payments Interface (UPI) is a real-time payment system that enables instant money transfer between bank accounts using your mobile device. ZX Bank Asia supports UPI seamlessly through its mobile app for fast, secure, and convenient transactions.""}, {""filename"": ""(UPI) \u2013 ZX Bank Asia.md"", ""text"": ""Features of UPI include instant, 24/7 money transfers via mobile devices, a single app for accessing multiple bank accounts, and easy transactions using mobile numbers, Virtual Payment Address (VPA), or QR codes. It is used for fund transfer, bill payments, merchant payments, and more.""}]"
ZX Bank,Procedural,How can I activate UPI with ZX Bank?,"[{""filename"": ""(UPI) \u2013 ZX Bank Asia.md"", ""text"": ""1. Download the ZX Bank Asia App available for Android and iOS.\n2. Login/Register using the mobile number registered with ZX Bank and complete e-KYC if not already done.\n3. Go to the UPI Section by tapping the 'UPI' icon or navigate via the home screen.\n4. Create or Link a UPI ID (VPA), choose/set your UPI PIN for secure transactions.\n5. Link your ZX Bank account by selecting the account to operate UPI with.\n6. Set/Reset UPI PIN by authenticating with debit card details and setting a 4/6-digit UPI PIN.\n7. You're ready to start transacting, paying bills, transferring funds, and scanning UPI QR codes.""}]"
ZX Bank,Boolean,Is UPI available for ZX Bank account holders outside India?,"[{""filename"": ""(UPI) \u2013 ZX Bank Asia.md"", ""text"": ""UPI services are currently available in India for ZX Bank account holders. For cross-border payments/remittances, dedicated remittance options in the app must be used.""}]"
ZX Bank,Analytical,Why might ZX Bank Asia impose daily transaction limits on UPI?,"[{""filename"": ""(UPI) \u2013 ZX Bank Asia.md"", ""text"": ""UPI daily limits with ZX Bank include \u20b91,00,000 per transaction, \u20b91,00,000 per day across all UPI transactions, and a maximum of 20 transfers per day. These limits are set as per NPCI & ZX Bank policies and may vary based on customer risk profile and regulatory updates. This helps in managing risk and ensuring security.""}]"
ZX Bank,Descriptive,What services does ZX Bank offer in Agra?,"[{""filename"": ""Agra Branch Network Overview.md"", ""text"": ""Agra, a dynamic hub in Uttar Pradesh, benefits from the extensive presence of ZX Bank, which offers comprehensive banking services through a well-planned network. ZX Bank ensures broad coverage by strategically placing branches across North, South, East, West, and Central Agra. This distribution provides convenient access to retail, corporate, and digital banking for residents, businesses, and visitors in every part of the city.""}]"
ZX Bank,Procedural,How can I contact the North Agra branch at Sadar Bazar?,"[{""filename"": ""Agra Branch Network Overview.md"", ""text"": ""| Branch Address | IFSC Code | Contact Number |\n|-----------------------------------------------|---------------|-----------------|\n| D-45, Sadar Bazar, Delhi Gate, North Agra | ZXIN0001043 | 0562-2298036 |""}]"
ZX Bank,Analytical,Why might ZX Bank benefit from having a network in all areas of Agra?,"[{""filename"": ""Agra Branch Network Overview.md"", ""text"": ""Agra, a dynamic hub in Uttar Pradesh, benefits from the extensive presence of ZX Bank, which offers comprehensive banking services through a well-planned network. ZX Bank ensures broad coverage by strategically placing branches across North, South, East, West, and Central Agra. This distribution provides convenient access to retail, corporate, and digital banking for residents, businesses, and visitors in every part of the city.""}]"
ZX Bank,Comparative,How does branch availability differ between East and West Agra for ZX Bank?,"[{""filename"": ""Agra Branch Network Overview.md"", ""text"": ""## East Agra\n\n| Branch Address | IFSC Code | Contact Number |\n|---------------------------------------------------|---------------|-----------------|\n| C-110, Trans Yamuna Colony, Etmadpur, East Agra | ZXIN0003041 | 0562-2538700 |\n| Gate No.4, Agra Cantt, Idgah Colony, Agra-282001 | ZXIN0003042 | 0562-2538725 |\n| 10, Kheria Road, Shastripuram, East Agra | ZXIN0003043 | 0562-2538734 |\n\n## West Agra\n\n| Branch Address | IFSC Code | Contact Number |\n|-------------------------------------------------|---------------|-----------------|\n| 81, Sanjay Place, West Agra | ZXIN0004041 | 0562-2529480 |\n| Plot 6, Sikandra Road, Khandari, Agra | ZXIN0004042 | 0562-2529427 |\n| A-9, K.K. Nagar, Hathras Road, West Agra | ZXIN0004043 | 0562-2529409 |\n| 4/12, Surya Nagar, Baluganj, Agra | ZXIN0004044 | 0562-2529561 |""}]"
ZX Bank,Descriptive,What is the branch network of ZX Bank in Bangalore?,"[{""filename"": ""Bangalore Branch Network.md"", ""text"": ""ZX Bank is committed to providing comprehensive and accessible financial services across Bangalore, one of India\u2019s most dynamic metropolitan cities. With a robust branch network distributed throughout North, South, East, West, and Central Bangalore, customers enjoy seamless banking solutions close to their neighborhoods. The branches are strategically located to cater to residential, commercial, and emerging tech districts, ensuring a convenient banking experience for every customer.""}]"
ZX Bank,Analytical,Why are ZX Bank's branches strategically located in different areas of Bangalore?,"[{""filename"": ""Bangalore Branch Network.md"", ""text"": ""The branches are strategically located to cater to residential, commercial, and emerging tech districts, ensuring a convenient banking experience for every customer.""}]"
ZX Bank,Comparative,How do branch locations in South Bangalore differ from those in West Bangalore for ZX Bank?,"[{""filename"": ""Bangalore Branch Network.md"", ""text"": ""South Bangalore branches include locations like JP Nagar, Jayanagar 4th Block, Banashankari, and Electronic City, which are likely residential and tech-centric areas. In contrast, West Bangalore branches include locations such as Rajajinagar Industrial Town and Yeshwanthpur Industrial Suburb, which might cater more to industrial and traditional commercial areas.""}]"
ZX Bank,Procedural,"How can I find the contact number for the ZX Bank branch at Whitefield Main Road, East Bangalore?","[{""filename"": ""Bangalore Branch Network.md"", ""text"": ""East Bangalore\u2019s Whitefield Main Road branch address is provided in the table as 502, Whitefield Main Road, ITPL, and the contact number is 080-41003201.""}]"
ZX Bank,Temporal,How many branches does ZX Bank have in Central Bangalore?,"[{""filename"": ""Bangalore Branch Network.md"", ""text"": ""Central Bangalore has six branches located on MG Road (Trinity Circle), Lavelle Road (Richmond Town), Brigade Road (Ashok Nagar), St. Mark\u2019s Road (Shanthala Nagar), Cunningham Road (Vasanth Nagar), and Shivajinagar (Infantry Road).""}]"
ZX Bank,Descriptive,What is the branch network of ZX Bank Ltd. in Sri Lanka?,"[{""filename"": ""Sri Lanka Branch Network.md"", ""text"": ""ZX Bank Ltd. has established a robust presence in Sri Lanka with a strategically distributed network of 32 branches spanning all major provinces. This extensive coverage ensures that customers across Sri Lanka have convenient access to a wide range of banking services, from retail and SME banking to remittances and digital solutions. Each branch is equipped to support both individuals and businesses, furthering financial inclusion nation-wide.""}]"
ZX Bank,Analytical,Why is the branch network important for ZX Bank Ltd. in Sri Lanka?,"[{""filename"": ""Sri Lanka Branch Network.md"", ""text"": ""ZX Bank Ltd.'s network of 32 branches in Sri Lanka is strategically distributed across all major provinces, providing comprehensive coverage and ensuring convenient access to banking services. This enhances financial inclusion and supports both individuals and businesses across the nation.""}]"
ZX Bank,Procedural,How can I contact the ZX Bank branch in Kandy?,"[{""filename"": ""Sri Lanka Branch Network.md"", ""text"": ""The ZX Bank branch in Kandy is located at 56 Peradeniya Road, Kandy. The contact number for the branch is 081-2357812.""}]"
ZX Bank,Boolean,Does ZX Bank Ltd. operate branches in the Northern Province of Sri Lanka?,"[{""filename"": ""Sri Lanka Branch Network.md"", ""text"": ""Yes, ZX Bank Ltd. operates branches in the Northern Province of Sri Lanka, including locations such as Jaffna, Kilinochchi, Vavuniya, Mannar, Chavakachcheri, and Mullaitivu.""}]"
ZX Bank,Temporal,"When did ZX Bank Ltd. establish its branch in Colombo, Western Province?","[{""filename"": ""Sri Lanka Branch Network.md"", ""text"": ""The specific establishment date of each branch isn't provided. However, ZX Bank Ltd. has a presence in Colombo, Western Province, with the branch located at 123 Galle Road, Colombo 03.""}]"
ZX Bank,Procedural,How do I convert my ZX Bank savings account to a salary account?,"[{""filename"": ""Savings Account to a Salary Account.md"", ""text"": ""If you're joining a new company, or your employer has partnered with ZX Bank for salary disbursement, you may want to convert your existing savings account into a salary account for added benefits.""}, {""filename"": ""Savings Account to a Salary Account.md"", ""text"": ""Steps to Convert Savings Account to Salary Account at ZX Bank:\n1. Check Your Employer's Tie-Up: Confirm with your HR/Payroll department if they have a salary account arrangement with ZX Bank.\n2. Visit Your Home Branch or Use ZX Bank Asia App: You can initiate the conversion by visiting your ZX Bank home branch or through the \""Account Services\"" section in the ZX Bank Asia app.\n3. Provide Required Documents: Prepare documents such as your employee ID card, letter from employer, PAN card, and recent passport-size photograph.\n4. Fill Out Conversion Form: At the branch, ask for the Account Conversion/Upgrade Form, or use the app to fill out and submit details.\n5. Verification and Processing: The bank will verify documents, and upon successful verification, your account type will change to Salary Account.\n6. Enjoy Salary Account Benefits!""}]"
ZX Bank,Open-Ended,Why should I convert my savings account to a salary account?,"[{""filename"": ""Savings Account to a Salary Account.md"", ""text"": ""Why Convert to a Salary Account?\n- Zero minimum balance requirement (in most salary account types)\n- Faster salary credit and alerts\n- Preferential offers on loans, credit cards, and more\n- Fee waivers on select services\n- Exclusive benefits like insurance and accidental coverage""}]"
ZX Bank,Comparative,How is converting to a salary account different from a regular savings account?,"[{""filename"": ""Savings Account to a Salary Account.md"", ""text"": ""Why Convert to a Salary Account?\n- Zero minimum balance requirement (in most salary account types) compared to maintaining a certain balance in a regular savings account.\n- Faster salary credit and alerts that might not be prioritized in regular savings accounts.\n- Preferential offers on loans, credit cards, and more, which are typically exclusive to salary accounts.\n- Fee waivers on select services that may not be applicable to regular savings accounts.\n- Exclusive benefits like insurance and accidental coverage are often part of salary account packages.""}]"
ZX Bank,Boolean,Can I convert my savings account to a salary account online?,"[{""filename"": ""Savings Account to a Salary Account.md"", ""text"": ""Yes, if your employer is registered with ZX Bank and your KYC is up to date, you can use the ZX Bank Asia app or NetBanking for conversion.""}]"
ZX Bank,Procedural,How can I convert my salary account to a savings account at ZX Bank?,"[{""filename"": ""Salary Account to a Savings Account.md"", ""text"": ""If your employment has changed, or your salary account is no longer receiving regular salary credits, you may need to convert your Salary Account to a regular Savings Account. At ZX Bank, this process is straightforward. Here\u2019s how you can do it:""}, {""filename"": ""Salary Account to a Savings Account.md"", ""text"": ""Visit Your Home Branch: Locate your nearest ZX Bank branch (especially the one where you opened your salary account). Carry valid proof of identity (Aadhaar, PAN Card, Passport, etc.) and account passbook/debit card.""}, {""filename"": ""Salary Account to a Savings Account.md"", ""text"": ""Fill Out the Account Conversion Request Form: Request a Salary to Savings Account Conversion Form at the branch. Fill in your details, mention your account number, and select \u201cConvert to Savings Account.\u201d Attach self-attested copies of requested KYC documents (if required).""}, {""filename"": ""Salary Account to a Savings Account.md"", ""text"": ""Submit the Form and Documents: Hand over the filled form and documents to the branch staff. The staff will verify your documents and initiate the conversion process.""}, {""filename"": ""Salary Account to a Savings Account.md"", ""text"": ""Maintain Minimum Balance: Ensure you maintain the required minimum balance for Savings Accounts as per ZX Bank guidelines, to avoid charges.""}, {""filename"": ""Salary Account to a Savings Account.md"", ""text"": ""Get Confirmation: You will receive confirmation via SMS/email once the conversion is complete. Existing debit card, chequebook, and account number typically remain unchanged.""}]"
ZX Bank,Comparative,How is a salary account different from a savings account at ZX Bank?,"[{""filename"": ""Salary Account to a Savings Account.md"", ""text"": ""Salary accounts are typically provided to employees for salary credits and have special benefits.""}, {""filename"": ""Salary Account to a Savings Account.md"", ""text"": ""If salary credits stop (for 3+ months), your account may be automatically converted to a Savings Account by the bank, but manual conversion avoids service interruptions. Savings accounts have different features and requirements, including minimum balance criteria.""}]"
ZX Bank,Open-Ended,Why might someone need to convert their salary account at ZX Bank?,"[{""filename"": ""Salary Account to a Savings Account.md"", ""text"": ""Salary accounts are typically provided to employees for salary credits and have special benefits. If salary credits stop (for 3+ months), your account may be automatically converted to a Savings Account by the bank.""}, {""filename"": ""Salary Account to a Savings Account.md"", ""text"": ""Manual conversion avoids service interruptions and ensures compliance with different features and requirements of savings accounts, including minimum balance criteria.""}]"
ZX Bank,Analytical,Why is it important to maintain a minimum balance in a savings account at ZX Bank?,"[{""filename"": ""Salary Account to a Savings Account.md"", ""text"": ""Maintain Minimum Balance: Ensure you maintain the required minimum balance for Savings Accounts as per ZX Bank guidelines, to avoid charges.""}, {""filename"": ""Salary Account to a Savings Account.md"", ""text"": ""Savings accounts have different features and requirements, including minimum balance criteria to ensure account privileges remain active and to avoid service disruptions or additional fees.""}]"
ZX Bank,Procedural,How can I request account conversion through ZX Bank's Digital Banking services?,"[{""filename"": ""Salary Account to a Savings Account.md"", ""text"": ""Alternative: Conversion via Digital Banking: ZX Bank also enables digital requests through the ZX Bank Asia Mobile App or NetBanking.""}, {""filename"": ""Salary Account to a Savings Account.md"", ""text"": ""Go to \u201cService Requests\u201d > \u201cConvert Salary Account to Savings Account.\u201d Fill in details and upload necessary KYC docs, if asked. Receive confirmation after processing.""}]"
ZX Bank,Procedural,How do I report a fraudulent transaction at ZX Bank?,"[{""filename"": ""Fraud Transaction.md"", ""text"": ""If you suspect or identify a fraudulent transaction on your ZX Bank account, follow these steps immediately to secure your funds and resolve the issue.""}, {""filename"": ""Fraud Transaction.md"", ""text"": ""Step 1: Contact ZX Bank Immediately. Use the hotline, email, or mobile app to report. Step 2: Block Your Card or Account, if applicable. Step 3: Gather key information for reporting. Step 4: File a written complaint at the branch or online. Step 5: Follow up and track resolution.""}]"
ZX Bank,Boolean,Can you report fraud through the ZX Bank app?,"[{""filename"": ""Fraud Transaction.md"", ""text"": ""Yes, you can report fraud through the ZX Bank Asia app by navigating to Support and selecting Report Fraud.""}]"
ZX Bank,Analytical,Why is it important to act quickly when reporting a fraud transaction at ZX Bank?,"[{""filename"": ""Fraud Transaction.md"", ""text"": ""Your safety is our priority. Report suspicious activities as soon as possible to minimize risk. Regularly reviewing your account statements helps in detecting unauthorized transactions. Following steps promptly ensures quicker resolution.""}]"
ZX Bank,Descriptive,What are the steps to block a card or account at ZX Bank?,"[{""filename"": ""Fraud Transaction.md"", ""text"": ""Via Mobile App or NetBanking: Go to \u201cCard Management\u201d or \u201cAccount Services.\u201d Select \u201cBlock/Card Hotlisting\u201d or \u201cFreeze Account\u201d and confirm the action.""}]"
ZX Bank,Comparative,How does ZX Bank's fraud reporting process differ between in-branch and online?,"[{""filename"": ""Fraud Transaction.md"", ""text"": ""In Branch: Visit your nearest ZX Bank branch and submit a written complaint.\nOnline: Use NetBanking > Service Requests > Dispute Transaction or email a formal complaint to fraudreport@zxbank.asia.""}]"
ZX Bank,Descriptive,What security features does ZX Bank offer against online threats?,"[{""filename"": ""Safety Features.md"", ""text"": ""At ZX Bank, the security of your digital banking experience is our top priority. Here\u2019s how we protect you from online threats: Multi-Factor Authentication (MFA), AI-driven Fraud Detection, End-to-End Encryption, Session Timeout & Auto-Logout, Secure Fund Transfer Controls, Regular Security Updates, User Education, Transaction Notifications, and Secure Remittance Corridors.""}]"
ZX Bank,Analytical,How does ZX Bank employ AI in its security measures?,"[{""filename"": ""Safety Features.md"", ""text"": ""AI-driven Fraud Detection at ZX Bank includes real-time monitoring where AI systems look for suspicious activities and immediately flag unusual account behavior. Customers receive immediate alerts for any unauthorized or suspicious transaction attempts.""}]"
ZX Bank,Procedural,How do I secure my account if I suspect a breach at ZX Bank?,"[{""filename"": ""Safety Features.md"", ""text"": ""Stay vigilant, never share your passwords or OTPs, and contact ZX Bank support if you notice any suspicious activity. ZX Bank offers 24/7 support with a dedicated helpline and an in-app AI assistant \""Zia\"" for instant security advice.""}]"
ZX Bank,Boolean,Does ZX Bank use biometric login for security?,"[{""filename"": ""Safety Features.md"", ""text"": ""Yes, ZX Bank uses biometric login which offers secure access via fingerprint or facial recognition on the ZX Bank Asia app.""}]"
ZX Bank,Comparative,How does ZX Bank's approach to phishing protection compare to its security updates?,"[{""filename"": ""Safety Features.md"", ""text"": ""ZX Bank employs both regular security updates and phishing protection as part of its security measures. Frequent app updates patch vulnerabilities and enhance defenses, while built-in features detect phishing links and sites, alerting users to potential threats.""}]"
ZX Bank,Descriptive,What is the PRM Assistant Program at ZX Bank?,"[{""filename"": ""Personal Relationship Manager Assistant Program.md"", ""text"": ""The Personal Relationship Manager Assistant Program connects you with a dedicated relationship manager\u2014a friendly banking expert who understands your unique needs. Whether you manage your finances digitally or prefer in-person services, your PRM Assistant will guide and support you, making banking easier and more personalized than ever before.""}]"
ZX Bank,Analytical,Why should ZX Bank account holders use the PRM Assistant Program?,"[{""filename"": ""Personal Relationship Manager Assistant Program.md"", ""text"": ""The PRM Assistant Program offers personalized attention with customer-centric service, saving time by handling banking details and providing expert guidance to help customers make informed decisions. This seamless, stress-free banking experience is accessible to all account holders at no extra charge.""}]"
ZX Bank,Procedural,How can a ZX Bank account holder contact their PRM Assistant?,"[{""filename"": ""Personal Relationship Manager Assistant Program.md"", ""text"": ""Via ZX Bank Asia App: Tap \u2018PRM Assistant\u2019 for secure messaging or video calls. By Phone: Call your dedicated relationship manager directly (contact found in the app or welcome kit). In Branch: Schedule a face-to-face meeting at your nearest ZX Bank branch.""}]"
ZX Bank,Open-Ended,What services does the PRM Assistant provide?,"[{""filename"": ""Personal Relationship Manager Assistant Program.md"", ""text"": ""The PRM Assistant supports account inquiries, digital banking guidance, loan and credit advisory, wealth and investment concierge services, remittance and NRI services, and expedites issue resolution of service or transaction issues.""}]"
ZX Bank,Comparative,How does the PRM Assistant Program personalize banking compared to general services?,"[{""filename"": ""Personal Relationship Manager Assistant Program.md"", ""text"": ""The PRM Assistant provides a named manager as a single point of contact, offers priority assistance, gives personalized help with transactions, and provides tailored recommendations on banking products and investment opportunities, enhancing the personalization compared to general banking services.""}]"
ZX Bank,Descriptive,What is ZX Bank’s Agriculture Loan?,"[{""filename"": ""ZX Bank Agriculture Loan.md"", ""text"": ""ZX Bank offers specialized Agriculture Loans designed to support crop production, equipment purchase, irrigation solutions, dairy, and allied activities across South Asia. The loans aim to empower farmers and agribusinesses with flexible terms and low-interest rates to fuel rural prosperity.""}]"
ZX Bank,Procedural,How do I apply for an Agriculture Loan at ZX Bank?,"[{""filename"": ""ZX Bank Agriculture Loan.md"", ""text"": ""1. **Online Application (Recommended):** \n - Download the ZX Bank Asia Mobile App.\n - Register with a mobile number and e-KYC.\n - Navigate to Loans > Agriculture Loan.\n - Fill out the form and upload documents.\n - Track the application in real-time using the \u201cZia\u201d AI assistant.\n \n2. **Visit a Branch or Digital Kiosk:** \n - Visit the nearest branch or digital kiosk.\n - Collect and fill the Agriculture Loan Application form.\n - Submit documents and receive assistance from Agri-Loan officers.\n \n3. **Contact Customer Care:** \n - Call the Agri Loan helpline: 1800-123-4567.\n - Email support: agrihelp@zxbank.asia.""}]"
ZX Bank,Analytical,Why does ZX Bank offer special schemes for women-led agri ventures?,"[{""filename"": ""ZX Bank Agriculture Loan.md"", ""text"": ""ZX Bank provides an extra 1% interest rate discount for women-led agri ventures. This initiative aims to promote inclusivity and empower women farmers by making financial resources more accessible, thereby supporting women-led agricultural activities and rural development.""}]"
ZX Bank,Boolean,Does ZX Bank offer a discount for women farmers?,"[{""filename"": ""ZX Bank Agriculture Loan.md"", ""text"": ""Yes, ZX Bank provides an extra 1% interest rate discount for women-led agri ventures under their Agriculture Loan schemes.""}]"
ZX Bank,Descriptive,Where are the ZX Bank ATMs located in Bangladesh?,"[{""filename"": ""Bangladesh ATM Locations.md"", ""text"": ""ZX Bank provides convenient banking access across Bangladesh through its growing ATM network. Below is a list of our ATM locations and addresses:""}, {""filename"": ""Bangladesh ATM Locations.md"", ""text"": ""The list of ATM locations includes major cities such as Dhaka, Chattogram, Sylhet, Khulna, and others.""}]"
ZX Bank,Procedural,How can I locate the nearest ZX Bank ATM?,"[{""filename"": ""Bangladesh ATM Locations.md"", ""text"": ""Need Help? Locate your nearest ATM with the [ZX Bank Asia App](#) or visit [www.zxbank.asia](http://www.zxbank.asia)""}]"
ZX Bank,Temporal,When was the ATM location information last updated?,"[{""filename"": ""Bangladesh ATM Locations.md"", ""text"": ""*Last updated: June 2024*""}]"
ZX Bank,Boolean,Is there a ZX Bank ATM in Jessore?,"[{""filename"": ""Bangladesh ATM Locations.md"", ""text"": ""Yes, there is a ZX Bank ATM located at 13 Monihar More, Jessore-7400.""}]"
ZX Bank,Analytical,"Why might ZX Bank have chosen to place an ATM in Gulshan, Dhaka?","[{""filename"": ""Bangladesh ATM Locations.md"", ""text"": ""One of the locations in Dhaka is Plot 12, Gulshan Avenue, Gulshan-2, Dhaka-1212. Gulshan is a prominent commercial and residential area, making it a strategic location for customer accessibility.""}]"
ZX Bank,Descriptive,Where are ZX Bank ATMs located in Mumbai?,"[{""filename"": ""ATM Locations at Major Hospitals.md"", ""text"": ""Below is a list of ZX Bank ATMs located at major hospitals across key cities in India.""}, {""filename"": ""ATM Locations at Major Hospitals.md"", ""text"": ""Mumbai, Maharashtra\n- **Lilavati Hospital & Research Centre** \n A-791, Bandra Reclamation, Bandra West, Mumbai, Maharashtra 400050\n- **Kokilaben Dhirubhai Ambani Hospital** \n Rao Saheb Achutrao Patwardhan Marg, Four Bungalows, Andheri West, Mumbai, Maharashtra 400053""}]"
ZX Bank,Boolean,Does ZX Bank have an ATM at AIIMS in Delhi?,"[{""filename"": ""ATM Locations at Major Hospitals.md"", ""text"": ""Delhi, National Capital Territory\n- **All India Institute of Medical Sciences (AIIMS)** \n Sri Aurobindo Marg, Ansari Nagar, New Delhi, Delhi 110029""}]"
ZX Bank,Comparative,How do ZX Bank ATM locations in Chennai compare to those in Pune?,"[{""filename"": ""ATM Locations at Major Hospitals.md"", ""text"": ""Chennai, Tamil Nadu\n- **Apollo Hospitals Greams Road** \n 21, Greams Lane, Off Greams Road, Chennai, Tamil Nadu 600006\n- **Government General Hospital** \n EVR Periyar Salai, Park Town, Chennai, Tamil Nadu 600003""}, {""filename"": ""ATM Locations at Major Hospitals.md"", ""text"": ""Pune, Maharashtra\n- **Ruby Hall Clinic** \n 40, Sassoon Road, Pune, Maharashtra 411001\n- **Jehangir Hospital** \n 32, Sassoon Road, Pune, Maharashtra 411001""}]"
ZX Bank,Descriptive,What are the locations of ZX Bank ATMs in Bangalore?,"[{""filename"": ""ATM Locations at Major Hospitals.md"", ""text"": ""Bangalore (Bengaluru), Karnataka\n- **Manipal Hospital** \n 98, HAL Old Airport Road, Kodihalli, Bengaluru, Karnataka 560017\n- **St. John\u2019s Medical College Hospital** \n Sarjapur Road, Koramangala, Bengaluru, Karnataka 560034""}]"
ZX Bank,Descriptive,What are the key features of health insurance?,"[{""filename"": ""Health Insurance.md"", ""text"": ""Key Features of Health Insurance include coverage for medical expenses such as hospitalization, surgeries, outpatient care, prescription drugs, diagnostics, and preventive services. Many insurers offer cashless treatment, pre- and post-hospitalization coverage, family floater plans, and optional add-ons like critical illness cover and maternity benefits.""}]"
ZX Bank,Comparative,How does family floater health insurance differ from individual health insurance?,"[{""filename"": ""Health Insurance.md"", ""text"": ""Individual Health Insurance covers a single person, whereas Family Floater Health Insurance covers the entire family under one policy. This allows multiple family members to share the sum insured.""}]"
ZX Bank,Analytical,Why should one consider the claim settlement ratio when choosing a health insurance plan?,"[{""filename"": ""Health Insurance.md"", ""text"": ""The claim settlement ratio indicates the reliability of an insurer. A higher ratio suggests that the insurer is more likely to settle claims efficiently, providing assurance to policyholders that they can depend on the insurer in times of medical emergencies.""}]"
ZX Bank,Procedural,How can I choose the right health insurance plan?,"[{""filename"": ""Health Insurance.md"", ""text"": ""To choose the right health insurance plan, assess your needs by considering age, family size, and health conditions. Compare plans based on coverage, exclusions, claim process, and premium. Check the network of hospitals, understand exclusions, look for add-ons, and review the claim settlement ratio to ensure you select the best plan.""}]"
ZX Bank,Boolean,Is critical illness insurance part of standard health insurance?,"[{""filename"": ""Health Insurance.md"", ""text"": ""Critical Illness Insurance is not typically part of standard health insurance; it is a separate policy that provides a lump sum payout on the diagnosis of specific illnesses like cancer and heart attack.""}]"
ZX Bank,Descriptive,What are the locations of ZX Bank ATMs in Mumbai?,"[{""filename"": ""Beach Road ATMs List (Major Indian Cities).md"", ""text"": ""1. Marine Drive, Chowpatty End, Mumbai, Maharashtra 400002 \n2. Juhu Tara Road, near Juhu Beach Entrance, Mumbai, Maharashtra 400049 \n3. Girgaum Chowpatty, Chowpatty Seaface Road, Mumbai, Maharashtra 400007 \n4. Versova Beach Road, Andheri West, Mumbai, Maharashtra 400061 \n5. Carter Road, Bandra West, Mumbai, Maharashtra 400050 \n6. Aksa Beach Road, Malad West, Mumbai, Maharashtra 400095 \n7. Dadar Chowpatty, Swatantrya Veer Savarkar Marg, Mumbai, Maharashtra 400028""}]"
ZX Bank,Comparative,How does the number of beach ATMs in Chennai compare to Visakhapatnam?,"[{""filename"": ""Beach Road ATMs List (Major Indian Cities).md"", ""text"": ""Chennai has ATMs at Marina Beach, Elliot's Beach, Thiruvanmiyur Beach, Neelankarai Beach, Palavakkam Beach, Santhome Beach, and Kovalam Beach.""}, {""filename"": ""Beach Road ATMs List (Major Indian Cities).md"", ""text"": ""Visakhapatnam has ATMs at RK Beach, Rushikonda Beach, Lawsons Bay Colony, Tenneti Park Beach, Yarada Beach, Sagar Nagar Beach, and Bheemili Beach.""}]"
ZX Bank,Open-Ended,Why has ZX Bank only listed ATMs near beach roads in the document?,"[{""filename"": ""Beach Road ATMs List (Major Indian Cities).md"", ""text"": ""The list focuses on ZX Bank ATM locations situated at or near Beach Roads in selected Indian cities. Cities without a prominent beach or beach road have been skipped, as requested.""}]"
ZX Bank,Boolean,Are there more than 7 ATM locations listed for any city?,"[{""filename"": ""Beach Road ATMs List (Major Indian Cities).md"", ""text"": ""No city listed has more than 7 ATM locations. Each qualifying city includes exactly 7 ATM locations as per the provided information.""}]"
ZX Bank,Analytical,Why is Digha Beach included in the Kolkata list of ATMs?,"[{""filename"": ""Beach Road ATMs List (Major Indian Cities).md"", ""text"": ""Digha Beach is included as it is the nearest major beach to Kolkata, despite being a few hours away, making it a significant location for beach-goers from Kolkata.""}]"
ZX Bank,Descriptive,What is the branch network of ZX Bank Ltd. in Ahmedabad?,"[{""filename"": ""Ahmedabad Branch Network.md"", ""text"": ""ZX Bank Ltd. ensures robust banking accessibility throughout Ahmedabad, a major financial and commercial hub in Western India. The bank has a strategically distributed network serving retail, corporate, and digital banking customers across North, South, East, West, and Central Ahmedabad. ZX Bank operates 17 branches, offering world-class banking services and seamless financial solutions to all residents and businesses in the area.""}]"
ZX Bank,Comparative,How does the branch distribution in North Ahmedabad differ from Central Ahmedabad for ZX Bank Ltd.?,"[{""filename"": ""Ahmedabad Branch Network.md"", ""text"": ""North Ahmedabad has three branches located at Naranpura, Chandlodia, and Ranip. Central Ahmedabad also has three branches but in different areas: Navrangpura, Lal Darwaza, and Ashram Road. Both regions provide access to world-class banking services, though the specific branch locations differ.""}]"
ZX Bank,Procedural,"How do I contact ZX Bank Ltd.'s branch in Naranpura, North Ahmedabad?","[{""filename"": ""Ahmedabad Branch Network.md"", ""text"": ""For contacting ZX Bank Ltd.'s branch in Naranpura, North Ahmedabad, the address is 21, Naranpura Main Road, and the contact number is 079-29811011. Alternatively, you can visit the branch or check additional details on their website.""}]"
ZX Bank,Boolean,Does ZX Bank Ltd. have a branch on C.G. Road in Ahmedabad?,"[{""filename"": ""Ahmedabad Branch Network.md"", ""text"": ""Yes, ZX Bank Ltd. has a branch on C.G. Road in Ahmedabad, located at 1st Floor, City Heart, Navrangpura, with the contact number 079-29811051.""}]"
ZX Bank,Descriptive,How does ZX Bank Ltd. serve the Coimbatore area?,"[{""filename"": ""Network in Coimbatore.md"", ""text"": ""Coimbatore, known for its thriving industrial sector and vibrant urban communities, is served by a robust banking network from ZX Bank Ltd. The bank ensures comprehensive financial access through a well-planned distribution of branches across all major regions of the city. Customers can access full-service banking\u2014ranging from personal finance to digital transactions\u2014at conveniently located branches in North, South, East, West, and Central Coimbatore.""}]"
ZX Bank,Procedural,How can I contact the North Coimbatore branch of ZX Bank at Saibaba Colony?,"[{""filename"": ""Network in Coimbatore.md"", ""text"": ""| Branch Address | Contact Number |\n|------------------------------------------------|------------------|\n| 12 MG Road, Saibaba Colony | 0422-2425851 |""}]"
ZX Bank,Comparative,How do the branches in East Coimbatore differ from those in West Coimbatore for ZX Bank?,"[{""filename"": ""Network in Coimbatore.md"", ""text"": ""East Coimbatore has two branches: \n- 101, Avinashi Road, Peelamedu \n- 75, Singanallur Main Road \n\nWest Coimbatore has three branches:\n- No. 3, Thadagam Road, RS Puram \n- 68, Marudhamalai Road, Vadavalli \n- 11, Perur Main Road, Selvapuram""}]"
ZX Bank,Open-Ended,What services can I access at ZX Bank branches in Coimbatore?,"[{""filename"": ""Network in Coimbatore.md"", ""text"": ""The bank ensures comprehensive financial access through a well-planned distribution of branches across all major regions of the city. Customers can access full-service banking\u2014ranging from personal finance to digital transactions\u2014at conveniently located branches.""}]"
ZX Bank,Analytical,Why is having a branch network in Coimbatore important for ZX Bank Ltd.?,"[{""filename"": ""Network in Coimbatore.md"", ""text"": ""Coimbatore is known for its thriving industrial sector and vibrant urban communities. The presence of a robust banking network ensures comprehensive financial access and supports both personal finance and business transactions, contributing to the region's economic growth.""}]"
ZX Bank,Descriptive,How is the branch network of ZX Bank Ltd. distributed in Jaipur?,"[{""filename"": ""Jaipur Branch Network.md"", ""text"": ""ZX Bank Ltd. maintains a robust banking presence across Jaipur, providing comprehensive financial services through an extensive branch distribution. With dedicated branches in North, South, East, West, and Central Jaipur, customers can conveniently access retail banking, digital services, loans, and wealth management close to their neighborhoods. This regional network ensures financial inclusion and customer support throughout all major zones of the city.""}]"
ZX Bank,Procedural,How can I contact ZX Bank's branch in North Jaipur?,"[{""filename"": ""Jaipur Branch Network.md"", ""text"": ""You can contact ZX Bank's North Jaipur branches at the following numbers:\n- Plot 12, Amba Bari, Sikar Road: 0141-2231201\n- 74, Hanuman Nagar, KH Road: 0141-2231202\n- 25, Kedia Palace, Khatipura Road: 0141-2231203\n- SB-66, Jhotwara Industrial Area: 0141-2231204\n- A-17, Shastri Nagar Main: 0141-2231205""}]"
ZX Bank,Comparative,How does the branch distribution of ZX Bank Ltd. in East Jaipur compare to West Jaipur?,"[{""filename"": ""Jaipur Branch Network.md"", ""text"": ""East Jaipur Branches:\n- 15, Raja Park, Govind Marg: ZXIN0001401, 0141-2251401\n- C-56, Transport Nagar: ZXIN0001402, 0141-2251402\n- SB-207, Surya Nagar, Agra Road: ZXIN0001403, 0141-2251403\n- 8/12, Jawahar Nagar: ZXIN0001404, 0141-2251404\n- A-39, Adarsh Nagar, Near Pink Square: ZXIN0001405, 0141-2251405\n\nWest Jaipur Branches:\n- Plot 9, Vaishali Nagar, Queens Road: ZXIN0001501, 0141-2261501\n- 100/10, Kanakpura, Sirsi Road: ZXIN0001502, 0141-2261502\n- 12-A, Ajmer Road, Shyam Nagar: ZXIN0001503, 0141-2261503\n- 51, Chitrakoot, Vaishali Extension: ZXIN0001504, 0141-2261504\n- B-298, Nirman Nagar, Brijlal Road: ZXIN0001505, 0141-2261505""}]"
ZX Bank,Boolean,Does ZX Bank Ltd. have a branch in Central Jaipur?,"[{""filename"": ""Jaipur Branch Network.md"", ""text"": ""Yes, ZX Bank Ltd. has several branches in Central Jaipur, including:\n- 101, MI Road, Near Panch Batti: ZXIN0001601, 0141-2271601\n- 306, Bapu Bazar: ZXIN0001602, 0141-2271602\n- 88, C-Scheme, Ashok Marg: ZXIN0001603, 0141-2271603\n- SB-25, Civil Lines: ZXIN0001604, 0141-2271604\n- E-54, Sindhi Camp, Station Road: ZXIN0001605, 0141-2271605""}]"
ZX Bank,Procedural,How do I apply for a personal loan at ZX Bank?,"[{""filename"": ""Personal Loan Information.md"", ""text"": ""1. **Visit:** Any ZX Bank branch in your country\n2. **Online:** Through [ZX Bank Asia Mobile App](https://www.zxbank.asia/app) or [NetBanking](https://www.zxbank.asia/netbanking)\n3. **Call:** 24x7 Customer Care or use AI Assistant \""Zia\"" on the app""}]"
ZX Bank,Comparative,How does the personal loan interest rate for salaried individuals compare between India and Nepal?,"[{""filename"": ""Personal Loan Information.md"", ""text"": ""Interest Rate\n| Customer Category | Interest Rate (per annum) |\n|----------------------------------|:----------------------------------------:|\n| Salaried (India, Sri Lanka) | 11.75% \u2013 17.99% |\n| Bangladesh, Bhutan, Nepal | 13.50% \u2013 21.00%* |\n\\*Subject to local market review and may vary by branch/country.""}]"
ZX Bank,Descriptive,Can you describe the features and benefits of ZX Bank's personal loan?,"[{""filename"": ""Personal Loan Information.md"", ""text"": ""Features & Benefits\n- **Loan Amount:** Up to \u20b930,00,000 (INR) or equivalent in local currency \n- **Flexible Tenure:** 12 to 60 months \n- **Quick Approval:** Instant eligibility check & digital application \n- **Zero Collateral:** No need for security or guarantor \n- **Part-Payment & Foreclosure:** Convenient repayment options""}]"
ZX Bank,Boolean,Is collateral required for obtaining a personal loan from ZX Bank?,"[{""filename"": ""Personal Loan Information.md"", ""text"": ""Features & Benefits\n- **Zero Collateral:** No need for security or guarantor""}]"
ZX Bank,Open-Ended,What documentation is required for self-employed individuals to apply for a personal loan with ZX Bank?,"[{""filename"": ""Personal Loan Information.md"", ""text"": ""Documentation Required\n\n**For Self-Employed Individuals:**\n- Completed Application Form\n- Photo Identity & Address Proof\n- Last 2 years\u2019 Income Tax Returns\n- Business Continuity Proof (Trade license, GST certificate, etc.)\n- Last 6 months\u2019 Bank Statements\n- PAN Card (for Indian applicants)""}]"
ZX Bank,Descriptive,What services does ZX Bank provide in Visakhapatnam?,"[{""filename"": ""Visakhapatnam Branch Network.md"", ""text"": ""ZX Bank Ltd. maintains a robust footprint in Visakhapatnam, ensuring accessible and modern banking solutions for residents across the city\u2019s diverse regions. With a focus on customer-centric service and digital integration, the bank\u2019s strategically located branches provide retail, corporate, and digital banking services to meet the financial needs of individuals and businesses alike.""}]"
ZX Bank,Boolean,Does ZX Bank have a branch in Dwarakanagar?,"[{""filename"": ""Visakhapatnam Branch Network.md"", ""text"": ""East Visakhapatnam\n\n| Branch Address | IFSC Code | Contact Number |\n|-------------------------------------------------|---------------|------------------|\n| 38-44-7, Near Jagadamba Centre, Dwarakanagar | ZXIN0001300 | 0891-2592300 |""}]"
ZX Bank,Procedural,How can I contact the ZX Bank branch at Siripuram Junction?,"[{""filename"": ""Visakhapatnam Branch Network.md"", ""text"": ""Central Visakhapatnam\n\n| Branch Address | IFSC Code | Contact Number |\n|-----------------------------------------------------|---------------|------------------|\n| Door No. 17-1-23, Siripuram Junction, Main Road | ZXIN0001500 | 0891-2730114 |""}]"
ZX Bank,Analytical,Why might ZX Bank choose Visakhapatnam for branch expansion?,"[{""filename"": ""Visakhapatnam Branch Network.md"", ""text"": ""ZX Bank Ltd. maintains a robust footprint in Visakhapatnam, ensuring accessible and modern banking solutions for residents across the city\u2019s diverse regions. The distribution of branches guarantees convenient access in all major areas, fostering financial inclusion and economic growth within Visakhapatnam.""}]"
ZX Bank,Descriptive,What is the branch network of ZX Bank in Bangladesh?,"[{""filename"": ""Bangladesh Branch Network.md"", ""text"": ""ZX Bank maintains a robust presence in Bangladesh, facilitating financial inclusion and growth through a network of strategically located branches. With a total of 18 branches distributed across major regions\u2014Dhaka, Chittagong, Khulna, Rajshahi, and Sylhet\u2014the bank ensures accessible banking services for individuals and businesses alike.""}]"
ZX Bank,Procedural,"How can I contact the branch in Gulshan, Dhaka?","[{""filename"": ""Bangladesh Branch Network.md"", ""text"": ""| Branch Address | IFSC Code | Contact Number |\n|----------------------------------------------|----------------|-------------------|\n| 152 Gulshan Avenue, Gulshan-2, Dhaka-1212 | ZXIN0011202 | +880-2-9850057 |""}]"
ZX Bank,Boolean,Is there a branch of ZX Bank located in Khulna?,"[{""filename"": ""Bangladesh Branch Network.md"", ""text"": ""## Khulna Region\n\n| Branch Address | IFSC Code | Contact Number |\n|----------------------------------------------|----------------|-------------------|\n| 14 KDA Avenue, Khulna-9100 | ZXIN0011401 | +880-41-720105 |\n| 79 Sher-e-Bangla Road, Khalishpur, Khulna | ZXIN0011402 | +880-41-789601 |\n| 18 Babu Khan Road, Daulatpur, Khulna-9202 | ZXIN0011403 | +880-41-783054 |""}]"
ZX Bank,Analytical,Why might ZX Bank have chosen to distribute its branches across these five specific regions?,"[{""filename"": ""Bangladesh Branch Network.md"", ""text"": ""ZX Bank maintains a robust presence in Bangladesh through a network of strategically located branches. The five regions\u2014Dhaka, Chittagong, Khulna, Rajshahi, and Sylhet\u2014are major areas that facilitate financial inclusion and growth. By ensuring accessible banking services for individuals and businesses alike, the bank strengthens its presence and availability in key regions.""}]"
ZX Bank,Procedural,How do I apply for a locker at ZX Bank?,"[{""filename"": ""Open a Locker.md"", ""text"": ""To apply for a locker at ZX Bank, visit your nearest branch with your original documents and photocopies. Complete the 'Locker Facility Application Form' at the branch, and submit your KYC documents. You'll need to read and sign the Locker Hirer Agreement provided by the bank.""}]"
ZX Bank,Boolean,Do you need to be a ZX Bank customer to open a locker?,"[{""filename"": ""Open a Locker.md"", ""text"": ""Yes, to open a locker at ZX Bank, you must be an existing customer with a savings or current account, or you need to open one. Your KYC details should also be updated.""}]"
ZX Bank,Procedural,What documents are required for KYC compliance at ZX Bank?,"[{""filename"": ""Open a Locker.md"", ""text"": ""For KYC compliance at ZX Bank, you need a valid photo ID (like Aadhaar, Passport, or Driving License), address proof, and a recent passport-sized photo.""}]"
ZX Bank,Open-Ended,What are the locker sizes available at ZX Bank?,"[{""filename"": ""Open a Locker.md"", ""text"": ""ZX Bank offers popular locker sizes which include Small, Medium, and Large. However, availability may vary by location, so it\u2019s best to inquire at your nearest branch.""}]"
ZX Bank,Descriptive,What services does ZX Bank provide at bus stands?,"[{""filename"": ""ZX Bank ATMs at Major Bus Stands (India).md"", ""text"": ""ZX Bank ensures easy cash access for commuters by providing ATM services at major bus stands across various cities in India.""}]"
ZX Bank,Procedural,How can I locate a ZX Bank ATM in Mumbai?,"[{""filename"": ""ZX Bank ATMs at Major Bus Stands (India).md"", ""text"": ""To locate a ZX Bank ATM in Mumbai, you can visit one of the following locations: Mumbai Central Bus Depot, Dadar TT Bus Stand, Borivali Bus Stand, Kurla Nehru Nagar Bus Stand, Chembur Diamond Garden Bus Depot, or Andheri East Bus Stand.""}]"
ZX Bank,Comparative,How is the distribution of ZX Bank ATMs in Jaipur different from those in Lucknow?,"[{""filename"": ""ZX Bank ATMs at Major Bus Stands (India).md"", ""text"": ""In Jaipur, ZX Bank ATMs are located at Sindhi Camp Bus Stand, Narayan Singh Circle Bus Stand, Bais Godam Bus Stand, Mansarovar Bus Stand, Chomu House Bus Stand, and Ajmeri Gate Bus Stand.""}, {""filename"": ""ZX Bank ATMs at Major Bus Stands (India).md"", ""text"": ""In Lucknow, ZX Bank ATMs are located at Kaiserbagh Bus Stand, Alambagh Bus Stand, Aminabad Bus Stand, Charbagh Bus Stand, Polytechnic Chauraha Bus Stand, and Gomti Nagar Bus Stand.""}]"
ZX Bank,Analytical,Why might ZX Bank have chosen these specific cities for ATM placement?,"[{""filename"": ""ZX Bank ATMs at Major Bus Stands (India).md"", ""text"": ""ZX Bank likely chose these cities for ATM placement due to high commuter traffic and strategic locations at major bus stands, ensuring accessibility and convenience for a large number of travelers.""}]"
ZX Bank,Boolean,Does ZX Bank have an ATM at the Esplanade Bus Stand in Kolkata?,"[{""filename"": ""ZX Bank ATMs at Major Bus Stands (India).md"", ""text"": ""Yes, ZX Bank has an ATM at the Esplanade Bus Stand in Kolkata.""}]"
ZX Bank,Open-Ended,What are the features of the ZX Bank Savings Account?,"[{""filename"": ""Savings Account Overview.md"", ""text"": ""- **Attractive Interest Rates:** Earn competitive interest on your daily balance.\n- **Zero or Low Minimum Balance Options:** Choose accounts that suit your needs and avoid penalties.\n- **Instant Account Activation:** Through fully digital onboarding (e-KYC) and AI-powered support.\n- **Free International Debit Card:** Accepted worldwide for shopping, travel, and online payments.\n- **Seamless Digital Access:** Manage your account via ZX Bank Asia mobile app and NetBanking.\n- **UPI & QR Payments:** Fast money transfers and secure payments on the go.\n- **Reward Points:** Earn rewards on all debit transactions.\n- **Safe & Secure:** Biometric login, card controls, and transaction alerts for peace of mind.\n- **Nomination Facility:** Assign a nominee for account safety.""}]"
ZX Bank,Procedural,How can I apply for a ZX Bank Savings Account online?,"[{""filename"": ""Savings Account Overview.md"", ""text"": ""1. Download the **ZX Bank Asia** app (Android/iOS) or visit [www.zxbank.asia](https://www.zxbank.asia)\n2. Click \u201cOpen Savings Account\u201d\n3. Fill in your details and upload necessary documents (PAN/ID, Address Proof)\n4. Complete e-KYC via video or Aadhaar OTP\n5. Account activation is done within minutes!""}]"
ZX Bank,Comparative,What are the minimum balance requirements for different ZX Bank account types?,"[{""filename"": ""Savings Account Overview.md"", ""text"": ""| Account Type | Minimum Balance |\n|-----------------------|------------------------------------------|\n| Regular Savings | \u20b95,000 (India) / LKR 3,000 (Sri Lanka) |\n| Digital Zero Balance | Nil (No minimum balance) |\n| Senior Citizens/Students | \u20b91,000 (India) |""}]"
ZX Bank,Descriptive,What is included in the ZX Bank Savings Account Kit?,"[{""filename"": ""Savings Account Overview.md"", ""text"": ""All new ZX Bank Savings Account holders receive an exclusive **Savings Account Kit**.\n\n### Kit Includes:\n\n- **Welcome Travel Bag:** Stylish, durable bag perfect for daily commutes or travel.\n- **4 Plugs 150 Countries Travel Adapter:** A universal adapter supporting plug points in 150 countries.\n- **Debit Card:** Globally accepted EMV chip debit card.\n- **Passbook & Cheque Book:** Physical passbook and personalized cheque book (optional in some digital accounts).\n- **User Guide:** Instructions for activating mobile/internet banking, card use, and customer support.""}]"
ZX Bank,Procedural,How can I create strong passwords to protect my online accounts?,"[{""filename"": ""Safety Practices to Protect Yourself.md"", ""text"": ""Create complex passwords using a mix of letters, numbers, and symbols. Avoid using the same password for multiple sites. Use a trusted password manager to store your credentials.""}]"
ZX Bank,Boolean,Is enabling two-factor authentication (2FA) recommended for online accounts?,"[{""filename"": ""Safety Practices to Protect Yourself.md"", ""text"": ""Add an extra layer of security with 2FA on all important accounts (email, banking, social media).""}]"
ZX Bank,Analytical,Why is it important to keep software up to date for online safety?,"[{""filename"": ""Safety Practices to Protect Yourself.md"", ""text"": ""Regularly update your operating system, apps, browsers, and antivirus programs to patch vulnerabilities.""}]"
ZX Bank,Comparative,How is using a VPN different from using public Wi-Fi for sensitive transactions?,"[{""filename"": ""Safety Practices to Protect Yourself.md"", ""text"": ""Avoid public Wi-Fi for sensitive transactions; use a VPN when needed. Only enter personal or financial information on websites with HTTPS.""}]"
ZX Bank,Descriptive,Which services are available at ZX Bank ATMs in Bhutan?,"[{""filename"": ""Bank ATMs in Bhutan.md"", ""text"": ""All ZX Bank ATMs offer: 24/7 cash withdrawal, balance inquiry, mini-statement printing, and cardless QR withdrawals supported by the ZX Bank Asia app.""}]"
ZX Bank,Analytical,Why might ZX Bank have chosen these locations for their ATMs in Bhutan?,"[{""filename"": ""Bank ATMs in Bhutan.md"", ""text"": ""ZX Bank offers convenient access to its digital banking services in Bhutan through a network of ATM locations. The locations include key areas like Thimphu Main Branch, City Center Mall, Paro Airport, and other strategic places across Bhutan, suggesting a focus on high-traffic or significant commercial and residential areas.""}]"
ZX Bank,Comparative,How does the number of ZX Bank ATMs in Thimphu compare to those in Paro?,"[{""filename"": ""Bank ATMs in Bhutan.md"", ""text"": ""In Thimphu, ZX Bank has ATMs at Thimphu Main Branch and City Center Mall. In Paro, there are ATMs at Paro Town Branch and Paro Airport ATM. Thus, Thimphu has two ATMs, and Paro also has two ATMs.""}]"
ZX Bank,Procedural,How can I find more information or updates about ZX Bank services in Bhutan?,"[{""filename"": ""Bank ATMs in Bhutan.md"", ""text"": ""For a full list of services and the latest updates, visit: [www.zxbank.asia](https://www.zxbank.asia)""}]"
ZX Bank,Open-Ended,What are the ZX Bank ATM locations in Chennai?,"[{""filename"": ""ATMs at Major Colleges & Universities.md"", ""text"": ""## Chennai, Tamil Nadu\n- **Indian Institute of Technology Madras (IITM)**\n - Address: Near Himalaya Mess, IIT Madras, Chennai, TN 600036\n\n- **Loyola College**\n - Address: Main Gate, Sterling Road, Nungambakkam, Chennai, TN 600034""}]"
ZX Bank,Comparative,How many ZX Bank ATMs are there in Bangalore compared to Hyderabad?,"[{""filename"": ""ATMs at Major Colleges & Universities.md"", ""text"": ""## Bangalore (Bengaluru), Karnataka\n- **Indian Institute of Science (IISc)**\n - Address: Near Main Canteen, IISc Campus, Malleshwaram, Bangalore, KA 560012\n\n- **Christ University**\n - Address: Main Entrance Gate, Hosur Road, Bangalore, KA 560029""}, {""filename"": ""ATMs at Major Colleges & Universities.md"", ""text"": ""## Hyderabad, Telangana\n- **Indian Institute of Technology (IIT Hyderabad)**\n - Address: Hostel Block, Kandi, Sangareddy, Hyderabad, TS 502285\n\n- **Osmania University**\n - Address: Arts College Road, Osmania University Campus, Hyderabad, TS 500007""}]"
ZX Bank,Descriptive,What colleges in Delhi have ZX Bank ATMs?,"[{""filename"": ""ATMs at Major Colleges & Universities.md"", ""text"": ""## Delhi, National Capital Territory\n- **University of Delhi (North Campus)**\n - Address: Outside Central Library, North Campus, Delhi 110007\n\n- **Jawaharlal Nehru University (JNU)**\n - Address: Near Sabarmati Hostel, JNU Campus, New Mehrauli Road, Delhi 110067""}]"
ZX Bank,Boolean,Does IIT Kanpur have a ZX Bank ATM?,"[{""filename"": ""ATMs at Major Colleges & Universities.md"", ""text"": ""## Kanpur, Uttar Pradesh\n- **Indian Institute of Technology Kanpur (IIT Kanpur)**\n - Address: Hall of Residence Area, Kalyanpur, IIT Kanpur, UP 208016""}]"
ZX Bank,Procedural,How can I find out if my college has a ZX Bank ATM?,"[{""filename"": ""ATMs at Major Colleges & Universities.md"", ""text"": ""Below is a suggested list of prominent ZX Bank ATM locations installed at major universities and colleges in key Indian cities. Each entry gives institution name and ATM address. **(Note: Sample addresses provided. Please verify onsite for actual machine placement.)**""}]"
ZX Bank,Descriptive,What is the branch network of ZX Bank Ltd. in Pune?,"[{""filename"": ""Pune Branch Network.md"", ""text"": ""Pune, a vibrant metropolis and commercial hub of Maharashtra, is well-served by ZX Bank Ltd.'s comprehensive branch network. The bank's presence is strategically distributed across North, South, East, West, and Central Pune.""}]"
ZX Bank,Boolean,Does ZX Bank Ltd. have branches in South Pune?,"[{""filename"": ""Pune Branch Network.md"", ""text"": ""Yes, ZX Bank Ltd. has several branches in South Pune, including locations in Kondhwa, Wanowrie, Camp, Hadapsar, Fatima Nagar, Bibvewadi, Katraj, and Dhankawadi.""}]"
ZX Bank,Comparative,How does the number of branches in Central Pune compare to West Pune for ZX Bank Ltd.?,"[{""filename"": ""Pune Branch Network.md"", ""text"": ""Central Pune and West Pune both have 8 branches each, including locations such as Shivaji Nagar, Deccan Gymkhana, Sadashiv Peth in Central Pune, and Aundh, Baner, Hinjawadi in West Pune.""}]"
ZX Bank,Procedural,How can I find the contact number for the ZX Bank branch in Viman Nagar?,"[{""filename"": ""Pune Branch Network.md"", ""text"": ""You can find the contact number for the Viman Nagar branch of ZX Bank in the East Pune section of their branch directory: 020-3349 5517.""}]"
ZX Bank,Temporal,When was the branch network directory for ZX Bank updated?,"[{""filename"": ""Pune Branch Network.md"", ""text"": ""The markdown does not provide a specific date for when the directory was last updated. It simply presents the current branch listing.""}]"
ZX Bank,Descriptive,What is the structure of ZX Bank's branch network in Indore?,"[{""filename"": ""Branch Network in Indore.md"", ""text"": ""Indore, as a commercial and educational hub in Central India, benefits from an extensive banking infrastructure designed to ensure convenient access and seamless financial services for its residents. ZX Bank has established a robust presence in the city, distributing its branches strategically across prominent regions such as Rau, Vijay Nagar, Palasia, Annapurna, and Sudama Nagar.""}]"
ZX Bank,Procedural,"How can I contact the ZX Bank branch in Rau, Indore?","[{""filename"": ""Branch Network in Indore.md"", ""text"": ""| Branch Address | IFSC Code | Contact Number |\n|---------------------------------------------|----------------|------------------|\n| 101 Main Road, Near IT Park, Rau, Indore | ZXIN0002101 | 0731-6023101 |\n| Shop 12, Sai Market, AB Road, Rau, Indore | ZXIN0002102 | 0731-6023192 |""}]"
ZX Bank,Analytical,Why might ZX Bank have chosen these specific regions for their branches in Indore?,"[{""filename"": ""Branch Network in Indore.md"", ""text"": ""Indore, as a commercial and educational hub in Central India, benefits from an extensive banking infrastructure designed to ensure convenient access and seamless financial services for its residents. ZX Bank has strategically distributed its branches across prominent regions to support personal, corporate, and digital banking needs for both individuals and businesses throughout Indore.""}]"
ZX Bank,Comparative,How does ZX Bank’s presence in Indore differ between the Palasia and Sudama Nagar regions?,"[{""filename"": ""Branch Network in Indore.md"", ""text"": ""| Branch Address | IFSC Code | Contact Number |\n|-----------------------------------------------------|----------------|------------------|\n| 14 Silver Arc Plaza, New Palasia, Indore | ZXIN0002301 | 0731-6029081 |\n| 303, Laxmi Tower, Near ICICI Bank, Old Palasia, Indore | ZXIN0002307 | 0731-6029170 |""}, {""filename"": ""Branch Network in Indore.md"", ""text"": ""| Branch Address | IFSC Code | Contact Number |\n|-----------------------------------------------|----------------|------------------|\n| 89, Sector D, Near Bus Stand, Sudama Nagar, Indore | ZXIN0002506 | 0731-6029820 |""}]"
ZX Bank,Comparative,How does ZX Bank's payment service differ from traditional banks in South Asia?,"[{""filename"": ""Cross-Border Payments.md"", ""text"": ""ZX Bank provides fast, secure cross-border payment services between India, Sri Lanka, Nepal, and Bhutan. Whether you\u2019re sending money home, paying for business imports, or supporting family across the region, ZX Bank guarantees a seamless remittance experience.""}, {""filename"": ""Cross-Border Payments.md"", ""text"": ""Instant Transfers: Most transfers are processed within minutes using ZX Bank\u2019s advanced payment rails and SWIFT capabilities.""}]"
ZX Bank,Procedural,How do I initiate a cross-border transfer using ZX Bank?,"[{""filename"": ""Cross-Border Payments.md"", ""text"": ""Initiate Transfer: Visit a ZX Bank branch, use our mobile app, or log in to NetBanking.""}, {""filename"": ""Cross-Border Payments.md"", ""text"": ""Choose Your Recipient: Send to ZX Bank or partner bank accounts in India, Sri Lanka, Nepal, or Bhutan.""}, {""filename"": ""Cross-Border Payments.md"", ""text"": ""Select Amount & Currency: Multi-currency options help recipients get the best value.""}, {""filename"": ""Cross-Border Payments.md"", ""text"": ""Pay & Confirm: Transparent, upfront fees shown before you pay.""}, {""filename"": ""Cross-Border Payments.md"", ""text"": ""Track in Real-Time: Monitor your transfer\u2019s status from start to finish.""}]"
ZX Bank,Open-Ended,What benefits does ZX Bank offer for students studying abroad?,"[{""filename"": ""Cross-Border Payments.md"", ""text"": ""Students Abroad: Hassle-free tuition or living expense payments to Nepal, Bhutan, Sri Lanka, or India.""}, {""filename"": ""Cross-Border Payments.md"", ""text"": ""ZX Bank provides multi-currency support, enabling students to get the best value and offers digital access for convenience.""}]"
ZX Bank,Boolean,Is ZX Bank compliant with international financial regulations?,"[{""filename"": ""Cross-Border Payments.md"", ""text"": ""Regulatory Compliance: Fully compliant with all local and international guidelines. Your transactions are protected!""}]"
ZX Bank,Analytical,Why does ZX Bank Ltd. offer personal loans without collateral?,"[{""filename"": ""Personal Loan.md"", ""text"": ""ZX Bank Ltd. offers flexible Personal Loans designed to meet your financial needs\u2014whether it\u2019s for weddings, education, travel, medical emergencies, or personal projects\u2014with competitive rates and simple documentation.""}, {""filename"": ""Personal Loan.md"", ""text"": ""Features & Benefits: Zero Collateral: No need for security or guarantor means ZX Bank Ltd. aims to make loans accessible, reducing the barrier to entry for borrowers who may not have assets to pledge.""}]"
ZX Bank,Procedural,How can I apply for a personal loan from ZX Bank Ltd.?,"[{""filename"": ""Personal Loan.md"", ""text"": ""How to Apply: \n1. **Visit:** Any ZX Bank branch in your country\n2. **Online:** Through [ZX Bank Asia Mobile App](https://www.zxbank.asia/app) or [NetBanking](https://www.zxbank.asia/netbanking)\n3. **Call:** 24x7 Customer Care or use AI Assistant \""Zia\"" on the app""}]"
ZX Bank,Comparative,What are the interest rates for personal loans for salaried versus self-employed individuals in India?,"[{""filename"": ""Personal Loan.md"", ""text"": ""Interest Rate: \n| Customer Category | Interest Rate (per annum) |\n|----------------------------------|:----------------------------------------:|\n| Salaried (India, Sri Lanka) | 11.75% \u2013 17.99% |\n| Self-Employed (India, Sri Lanka) | 13.25% \u2013 19.99% |""}]"
ZX Bank,Boolean,Is collateral required for personal loans at ZX Bank Ltd.?,"[{""filename"": ""Personal Loan.md"", ""text"": ""Features & Benefits: Zero Collateral: No need for security or guarantor.""}]"
ZX Bank,Descriptive,What documents are required for salaried individuals to get a personal loan at ZX Bank Ltd.?,"[{""filename"": ""Personal Loan.md"", ""text"": ""Documentation Required for Salaried Individuals:\n- Completed Personal Loan Application Form\n- Photo Identity Proof (Aadhaar Card, Passport, Voter ID, etc.)\n- Address Proof (Utility bill, Passport, Aadhar, etc.)\n- Latest 3 months\u2019 Salary Slips\n- Last 6 months\u2019 Bank Statements\n- 1 Passport-size Photograph\n- PAN Card (for Indian applicants)""}]"
ZX Bank,Descriptive,What services does ZX Bank offer in Surat?,"[{""filename"": ""Surat Branch Network.md"", ""text"": ""ZX Bank Ltd. is committed to delivering accessible and reliable banking services across Surat. Each branch offers a full suite of retail, corporate, and digital services\u2014supported by experienced staff and state-of-the-art banking infrastructure.""}]"
ZX Bank,Open-Ended,How many branches does ZX Bank have in North Surat?,"[{""filename"": ""Surat Branch Network.md"", ""text"": ""| Branch Address | IFSC Code | Contact Number |\n|--------------------------------------------------------|----------------|--------------------|\n| Shop 12-14, North Plaza, Adajan Road, Adajan | ZXIN0001011 | 0261-2980111 |\n| 2nd Floor, Vrundavan Complex, Pal Gam, North Surat | ZXIN0001012 | 0261-2980222 |\n| G-6, Golden Arcade, L.P. Savani Road, Surat | ZXIN0001013 | 0261-2980333 |\n| F-5, Shree Hallmark, Nana Varachha Main Road | ZXIN0001014 | 0261-2980444 |""}]"
ZX Bank,Comparative,How does the branch network of ZX Bank in West Surat compare to South Surat?,"[{""filename"": ""Surat Branch Network.md"", ""text"": ""West Surat branches: \n- Shop 21, Raj Residency, Ghod Dod Road \n- Shop 101, Suryadaya Complex, Vesu Main Road \n- FF-10, Crystal Arcade, Piplod\n\nSouth Surat branches: \n- Shop 3-5, Shubham Plaza, Udhna Main Road, Udhna \n- 1st Floor, Aryaman Mall, Godadara Road \n- Plot 22, Shiv Nagar Society, Bhestan""}]"
ZX Bank,Procedural,How can I contact the ZX Bank branch on Vesu Main Road?,"[{""filename"": ""Surat Branch Network.md"", ""text"": ""| Branch Address | IFSC Code | Contact Number |\n|-------------------------------------|-------------|----------------|\n| Shop 101, Suryadaya Complex, Vesu Main Road | ZXIN0004012 | 0261-2210222 |""}]"
ZX Bank,Temporal,When were the most recent ZX Bank branches opened in Central Surat?,"[{""filename"": ""Surat Branch Network.md"", ""text"": ""The markdown does not specify the opening dates of the branches. However, the addresses of the Central Surat branches are provided: \n- 1st Floor, Sagar Building, Chowk Bazar \n- Shop 7, Surya Towers, Ring Road \n- F-3, Sukhsagar Complex, Nanpura \n- Ground Floor, Mehul Nagar, Railway Station Area""}]"
ZX Bank,Descriptive,Where are the PVR Cinemas located in Mumbai?,"[{""filename"": ""ATM Locations at Major Movie Theaters.md"", ""text"": ""1. **PVR ICON, Phoenix Mills** \n Address: High Street Phoenix, Lower Parel, Mumbai 400013""}, {""filename"": ""ATM Locations at Major Movie Theaters.md"", ""text"": ""6. **Movietime, Malad** \n Address: Infiniti Mall, Malad West, Mumbai 400064""}]"
ZX Bank,Comparative,How does the presence of INOX cinemas in Mumbai compare to that in Delhi?,"[{""filename"": ""ATM Locations at Major Movie Theaters.md"", ""text"": ""Mumbai:\n- **INOX, CR2 Mall** \n Address: Nariman Point, Backbay Reclamation, Mumbai 400021\n\n- **Cinepolis, Viviana Mall** \n Address: Eastern Express Hwy, Thane West, Thane 400610\n\nDelhi:\n- **INOX, Nehru Place** \n Address: Eros International, Nehru Place, New Delhi 110019\n\n- **Wave Cinemas, Kaushambi** \n Address: EDM Mall, Kaushambi, Ghaziabad, Delhi NCR 201012""}]"
ZX Bank,Procedural,How can I find an ATM location for ZX Bank in Jaipur movie theaters?,"[{""filename"": ""ATM Locations at Major Movie Theaters.md"", ""text"": ""1. **INOX, Crystal Palm Mall** \n Address: Bais Godam Circle, Jaipur 302001\n\n2. **Raj Mandir Cinema** \n Address: Bhagwan Das Road, Ashok Nagar, Jaipur 302001""}, {""filename"": ""ATM Locations at Major Movie Theaters.md"", ""text"": ""3. **PVR, GT Central Mall** \n Address: Malviya Nagar, Jaipur 302017""}]"
ZX Bank,Analytical,Why might ZX Bank choose to locate ATMs in major movie theaters?,"[{""filename"": ""ATM Locations at Major Movie Theaters.md"", ""text"": ""Movie theaters attract high foot traffic, providing visibility and convenience for transactions. Additionally, moviegoers may require cash for concessions, parking, and other expenses, increasing the likelihood of ATM use.""}, {""filename"": ""ATM Locations at Major Movie Theaters.md"", ""text"": ""This strategic placement can enhance brand presence and customer convenience, aligning with locations of leisure and spending.""}]"
ZX Bank,Boolean,Are there Carnival Cinemas with ZX Bank ATMs in Hyderabad?,"[{""filename"": ""ATM Locations at Major Movie Theaters.md"", ""text"": ""1. **Carnival Cinemas, Erragadda** \n Address: MRC Centre Mall, Erragadda, Hyderabad 500018""}]"
ZX Bank,Descriptive,How is ZX Bank's branch network distributed in Kolkata?,"[{""filename"": ""Branches in Kolkata.md"", ""text"": ""Kolkata, the cultural and financial hub of Eastern India, enjoys robust banking infrastructure supported by ZX Bank\u2019s expanding network. To serve the diverse needs of individuals and businesses, ZX Bank has strategically distributed its branches across the city\u2019s major regions\u2014North, South, East, West, and Central Kolkata. This facilitates convenient access to retail, digital, and corporate banking services for residents, business owners, and visitors throughout the metropolitan area.""}]"
ZX Bank,Comparative,How does the branch coverage in North Kolkata differ from Central Kolkata?,"[{""filename"": ""Branches in Kolkata.md"", ""text"": ""North Kolkata\n\n| Branch Address | IFSC Code | Contact Number |\n|------------------------------------------------------|----------------|--------------------|\n| 17A, APC Road, Manicktala, Kolkata 700009 | ZXIN0002001 | 033-2451 1201 |\n| 56/2, B.T. Road, Baranagar, Kolkata 700090 | ZXIN0002002 | 033-2565 4490 |\n| 12, Bidhan Sarani, Shyambazar, Kolkata 700004 | ZXIN0002003 | 033-2337 7210 |\n| 129, Raja Dinendra St, Belgachia, Kolkata 700037 | ZXIN0002004 | 033-2557 4043 |\n\nCentral Kolkata\n\n| Branch Address | IFSC Code | Contact Number |\n|------------------------------------------------------|----------------|--------------------|\n| 15, Park Street, Kolkata 700016 | ZXIN0002401 | 033-2228 4571 |\n| 3, Chowringhee Road, Esplanade, Kolkata 700013 | ZXIN0002402 | 033-2217 3649 |\n| 35, Lenin Sarani, Dharmatala, Kolkata 700013 | ZXIN0002403 | 033-2252 3542 |""}]"
ZX Bank,Procedural,"How can I contact the ZX Bank branch located in Salt Lake, East Kolkata?","[{""filename"": ""Branches in Kolkata.md"", ""text"": ""East Kolkata\n\n| Branch Address | IFSC Code | Contact Number |\n|------------------------------------------------------|----------------|--------------------|\n| 88, Salt Lake, Sector II, Kolkata 700091 | ZXIN0002201 | 033-2358 4463 |""}]"
ZX Bank,Boolean,Does ZX Bank have a branch in Howrah?,"[{""filename"": ""Branches in Kolkata.md"", ""text"": ""West Kolkata\n\n| Branch Address | IFSC Code | Contact Number |\n|------------------------------------------------------|----------------|--------------------|\n| 43, Andul Road, Howrah Maidan, Howrah 711102 | ZXIN0002302 | 033-2641 7882 |""}]"
ZX Bank,Analytical,Why might ZX Bank have chosen to expand across all major regions in Kolkata?,"[{""filename"": ""Branches in Kolkata.md"", ""text"": ""Kolkata, the cultural and financial hub of Eastern India, enjoys robust banking infrastructure supported by ZX Bank\u2019s expanding network. To serve the diverse needs of individuals and businesses, ZX Bank has strategically distributed its branches across the city\u2019s major regions\u2014North, South, East, West, and Central Kolkata. This facilitates convenient access to retail, digital, and corporate banking services for residents, business owners, and visitors throughout the metropolitan area.""}]"
ZX Bank,Open-Ended,What can ASK Zia assist me with on the website?,"[{""filename"": ""ASK Zia \u2013 Your 24:7 Banking Assistant.md"", ""text"": ""ASK Zia on Website offers: Instant Answers for banking queries, Smart Assistance for locating branches and products, Secure Service Requests for balance checks and card blocking, Product Comparisons to guide savings decisions, and 24/7 Availability.""}]"
ZX Bank,Procedural,How do I start using ASK Zia on WhatsApp?,"[{""filename"": ""ASK Zia \u2013 Your 24:7 Banking Assistant.md"", ""text"": ""To use ASK Zia on WhatsApp, save the official number +91-XXX-XXX-XXXX, send \""Hello Zia,\"" and follow the prompts to access banking features.""}]"
ZX Bank,Descriptive,What makes ASK Zia a secure banking assistant?,"[{""filename"": ""ASK Zia \u2013 Your 24:7 Banking Assistant.md"", ""text"": ""ASK Zia features end-to-end encryption, secure authentication, and never asks for sensitive data like PINs or passwords, ensuring compliance with ZX Bank\u2019s privacy and security policies.""}]"
ZX Bank,Comparative,How is ASK Zia different on the website versus WhatsApp?,"[{""filename"": ""ASK Zia \u2013 Your 24:7 Banking Assistant.md"", ""text"": ""On the website, ASK Zia provides Instant Answers, Product Comparisons, and Secure Service Requests. On WhatsApp, it offers Quick Banking Tasks, Bill Reminders & Alerts, and Personal Financial Insights.""}]"
ZX Bank,Analytical,Why might customers prefer ASK Zia for banking assistance?,"[{""filename"": ""ASK Zia \u2013 Your 24:7 Banking Assistant.md"", ""text"": ""Customers might prefer ASK Zia due to its personalized, friendly support, multilingual communication, availability anytime, and the convenience of handling banking tasks without queues or waits.""}]"
ZX Bank,Descriptive,What is the branch network of ZX Bank in Patna?,"[{""filename"": ""Bank Branches in Patna.md"", ""text"": ""Patna is well-served by the extensive branch network of ZX Bank. The bank has a robust presence spread across North, South, East, West, and Central Patna, consisting of 13 branches distributed to ensure seamless service throughout the city\u2019s diverse neighborhoods.""}]"
ZX Bank,Procedural,How can I find the IFSC code for the Central Patna branch of ZX Bank?,"[{""filename"": ""Bank Branches in Patna.md"", ""text"": ""For the Central Patna branch, the IFSC codes are provided in the directory. The branch on Fraser Road, near Patna Junction, has the IFSC code ZXIN0001501, while the branch on Boring Road, next to Children\u2019s Park, uses ZXIN0001502.""}]"
ZX Bank,Comparative,How does the number of branches of ZX Bank differ between North and South Patna?,"[{""filename"": ""Bank Branches in Patna.md"", ""text"": ""In North Patna, ZX Bank has three branches located at Arya Samaj Road, Gandhi Nagar, and Rajeev Nagar. Similarly, in South Patna, there are also three branches located at Bailey Road, Anisabad, and Phulwari Sharif.""}]"
ZX Bank,Analytical,Why might ZX Bank have chosen to distribute its branches evenly across Patna?,"[{""filename"": ""Bank Branches in Patna.md"", ""text"": ""ZX Bank\u2019s even distribution across Patna ensures comprehensive access to banking facilities for all major regions \u2014 North, South, East, West, and Central. This strategic placement caters to the diverse neighborhoods and urban centers, enhancing customer convenience and service coverage.""}]"
ZX Bank,Descriptive,What is the branch network of ZX Bank in Delhi?,"[{""filename"": ""Branch Network in Delhi.md"", ""text"": ""ZX Bank Ltd. is committed to providing seamless and accessible banking services across Delhi, ensuring customer convenience through a robust network of physical branches. Serving the vibrant capital city, ZX Bank branches are strategically distributed across North, South, East, West, and Central Delhi.""}, {""filename"": ""Branch Network in Delhi.md"", ""text"": ""With a focus on customer-centric operations, each branch delivers the full suite of retail, corporate, and digital banking services, supported by modern infrastructure and a dedicated team.""}]"
ZX Bank,Analytical,Why are ZX Bank branches strategically distributed across different areas of Delhi?,"[{""filename"": ""Branch Network in Delhi.md"", ""text"": ""ZX Bank Ltd. is committed to providing seamless and accessible banking services across Delhi, ensuring customer convenience through a robust network of physical branches. Serving the vibrant capital city, ZX Bank branches are strategically distributed across North, South, East, West, and Central Delhi.""}, {""filename"": ""Branch Network in Delhi.md"", ""text"": ""This strategic distribution ensures that a wide demographic of customers can access banking services conveniently, supporting the bank's goal of customer-centric operations.""}]"
ZX Bank,Procedural,"How can I contact the branch in Connaught Place, Delhi?","[{""filename"": ""Branch Network in Delhi.md"", ""text"": ""Central Delhi Branches provide details on branch addresses, IFSC codes, and contact numbers. For Connaught Place:""}, {""filename"": ""Branch Network in Delhi.md"", ""text"": ""Branch Address: 78, Connaught Place, Outer Circle, Delhi-110001\nIFSC Code: ZXIN0000141\nContact Number: 011-45234560""}]"
ZX Bank,Boolean,Does ZX Bank provide digital banking services at all branches?,"[{""filename"": ""Branch Network in Delhi.md"", ""text"": ""With a focus on customer-centric operations, each branch delivers the full suite of retail, corporate, and digital banking services, supported by modern infrastructure and a dedicated team.""}]"
ZX Bank,Descriptive,What is the branch network of ZX Bank in Nepal?,"[{""filename"": ""Branch Network in Nepal.md"", ""text"": ""ZX Bank has established a robust and customer-focused branch network across Nepal, ensuring that both urban and semi-urban populations have easy access to modern banking services. With a strategic focus on digital onboarding, remittance corridors, and personalized service, ZX Bank's 20 branches are thoughtfully distributed across key provinces.""}]"
ZX Bank,Procedural,How can I contact the ZX Bank branch in Biratnagar?,"[{""filename"": ""Branch Network in Nepal.md"", ""text"": ""Province No. 1\n1. Biratnagar Main Road, Biratnagar-9 | IFSC Code: ZXIN0001001 | Contact Number: +977-21-570001""}]"
ZX Bank,Boolean,Is there a ZX Bank branch in Bagmati Province?,"[{""filename"": ""Branch Network in Nepal.md"", ""text"": ""Bagmati Province\n1. New Road, Kathmandu | IFSC Code: ZXIN0003001 | Contact Number: +977-1-4256011\n2. Lagankhel Chowk, Lalitpur | IFSC Code: ZXIN0003002 | Contact Number: +977-1-5531033\n3. Banepa Main Road, Kavre | IFSC Code: ZXIN0003003 | Contact Number: +977-11-661748\n4. Hetauda Bazar, Makwanpur | IFSC Code: ZXIN0003004 | Contact Number: +977-57-520848""}]"
ZX Bank,Comparative,How does the branch network of ZX Bank in Lumbini Province compare to that in Gandaki Province?,"[{""filename"": ""Branch Network in Nepal.md"", ""text"": ""Gandaki Province\n1. Chipledhunga, Pokhara-9 | IFSC Code: ZXIN0004001 | Contact Number: +977-61-534620\n2. Prithvi Chowk, Pokhara-13 | IFSC Code: ZXIN0004002 | Contact Number: +977-61-574125\n3. Baglung Bazar, Baglung | IFSC Code: ZXIN0004003 | Contact Number: +977-68-520430\n4. Besisahar Road, Lamjung | IFSC Code: ZXIN0004004 | Contact Number: +977-66-520223""}, {""filename"": ""Branch Network in Nepal.md"", ""text"": ""Lumbini Province\n1. Traffic Chowk, Butwal | IFSC Code: ZXIN0005001 | Contact Number: +977-71-537153\n2. Nepalgunj Road, Kohalpur, Banke | IFSC Code: ZXIN0005002 | Contact Number: +977-81-520211\n3. Siddharthanagar-8, Bhairahawa | IFSC Code: ZXIN0005003 | Contact Number: +977-71-525115\n4. Ghorahi Buspark, Dang | IFSC Code: ZXIN0005004 | Contact Number: +977-82-562323""}]"
ZX Bank,Procedural,How do I close my ZX Bank Credit Card?,"[{""filename"": ""ZX Bank Credit Card Help.md"", ""text"": ""Closing your ZX Bank Credit Card is a straightforward process. Follow the steps below to ensure a smooth and secure closure: Settle outstanding amounts, redeem unused rewards, cancel linked payments, request card closure via app, netbanking, customer care, or branch visit, destroy the card, and obtain closure confirmation.""}]"
ZX Bank,Procedural,How can I redeem my unused rewards before closing my ZX Bank Credit Card?,"[{""filename"": ""ZX Bank Credit Card Help.md"", ""text"": ""Redeem all reward points, cashback, or benefits, as they will be lost after closure.""}]"
ZX Bank,Procedural,What should I do if I see continuing charges after closing my ZX Bank Credit Card?,"[{""filename"": ""ZX Bank Credit Card Help.md"", ""text"": ""If you see continuing charges post-closure, inform ZX Bank immediately.""}]"
ZX Bank,Descriptive,What are the methods to request a ZX Bank Credit Card closure?,"[{""filename"": ""ZX Bank Credit Card Help.md"", ""text"": ""You can place a closure request via the ZX Bank Mobile App, ZX NetBanking, Customer Care, or by visiting a branch.""}]"
ZX Bank,Boolean,Can I re-activate my ZX Bank Credit Card after closing it?,"[{""filename"": ""ZX Bank Credit Card Help.md"", ""text"": ""You cannot re-activate a closed card; a new application is required.""}]"
ZX Bank,Open-Ended,What types of credit cards does ZX Bank offer?,"[{""filename"": ""ZX Bank Credit Card.md"", ""text"": ""ZX Bank offers a versatile range of credit cards designed to suit diverse financial needs and lifestyles, including the ZX Platinum Credit Card, ZX Gold Credit Card, ZX Women Empower Credit Card, ZX Student Credit Card, and ZX NRI Credit Card.""}]"
ZX Bank,Comparative,How does the ZX Platinum Credit Card differ from the ZX Gold Credit Card?,"[{""filename"": ""ZX Bank Credit Card.md"", ""text"": ""The ZX Platinum Credit Card is ideal for high-income professionals and frequent travelers with perks like complimentary airport lounge access and travel insurance coverage up to \u20b950 lakh, whereas the ZX Gold Credit Card is best for salaried individuals and regular shoppers offering 1.5X reward points on groceries and utility payments, and up to 20% discount at partner dining outlets.""}]"
ZX Bank,Procedural,How can I apply for a ZX Bank credit card?,"[{""filename"": ""ZX Bank Credit Card.md"", ""text"": ""To apply, visit the ZX Bank Asia website or the ZX Bank Asia app, fill out the online application form, and upload necessary documents like ID, proof of income, and address proof. e-KYC is available for residents of India, Sri Lanka, and Nepal, with approval potentially within 48 hours.""}]"
ZX Bank,Boolean,Is there an annual fee for the ZX Student Credit Card?,"[{""filename"": ""ZX Bank Credit Card.md"", ""text"": ""There is no annual fee for the first 2 years for the ZX Student Credit Card; subsequently, the fee is \u20b9199 + GST, waived with one transaction per quarter.""}]"
ZX Bank,Procedural,How can I find the latest locations of ZX Bank ATMs?,"[{""filename"": ""ATM Locations at Major Shopping Malls.md"", ""text"": ""*Note: Availability of ZX Bank ATMs is subject to change. Please check on the ZX Bank Asia mobile app or [www.zxbank.asia](https://www.zxbank.asia) for the latest locations.*""}]"
ZX Bank,Descriptive,Where are ZX Bank ATMs located in Mumbai?,"[{""filename"": ""ATM Locations at Major Shopping Malls.md"", ""text"": ""Mumbai \u2013 Maharashtra\n- **Phoenix Marketcity, Kurla**\n - Address: LBS Road, Kurla West, Mumbai, Maharashtra 400070\n- **Oberoi Mall**\n - Address: Western Express Highway, Goregaon East, Mumbai, Maharashtra 400063\n- **R City Mall**\n - Address: LBS Marg, Ghatkopar West, Mumbai, Maharashtra 400086""}]"
ZX Bank,Boolean,Are there ZX Bank ATMs available in Hyderabad?,"[{""filename"": ""ATM Locations at Major Shopping Malls.md"", ""text"": ""Hyderabad \u2013 Telangana\n- **Forum Sujana Mall**\n - Address: Kukatpally Housing Board, Kukatpally, Hyderabad, Telangana 500072\n- **GVK One Mall**\n - Address: Rd Number 1, Banjara Hills, Hyderabad, Telangana 500034\n- **Inorbit Mall**\n - Address: APIIC Software Layout, Mindspace, Madhapur, Hyderabad, Telangana 500081""}]"
ZX Bank,Comparative,How do the ATM locations of ZX Bank in Bangalore compare to those in Delhi?,"[{""filename"": ""ATM Locations at Major Shopping Malls.md"", ""text"": ""Bangalore (Bengaluru) \u2013 Karnataka\n- **Phoenix Marketcity**\n - Address: Whitefield Main Road, Mahadevapura, Bangalore, Karnataka 560048\n- **Orion Mall**\n - Address: Brigade Gateway, Dr Rajkumar Rd, Malleshwaram West, Bangalore, Karnataka 560055\n- **Mantri Square Mall**\n - Address: Sampige Road, Malleshwaram, Bangalore, Karnataka 560003""}, {""filename"": ""ATM Locations at Major Shopping Malls.md"", ""text"": ""Delhi \u2013 National Capital Territory\n- **Select CITYWALK**\n - Address: A-3, District Centre, Saket, New Delhi 110017\n- **DLF Promenade**\n - Address: 3 Nelson Mandela Road, Vasant Kunj, New Delhi 110070\n- **Pacific Mall**\n - Address: Najafgarh Road, Tagore Garden, New Delhi 110018""}]"
ZX Bank,Descriptive,What is the branch network overview of ZX Bank Ltd. in Kanpur?,"[{""filename"": ""Kanpur Branch Network.md"", ""text"": ""ZX Bank Ltd. maintains a robust and accessible network across Kanpur, ensuring quality banking services are readily available to residents in every part of the city. The bank's strategic presence spans North, South, East, West, and Central Kanpur, providing retail and corporate services as well as convenient digital banking touchpoints.""}]"
ZX Bank,Comparative,How do the branch distributions of ZX Bank Ltd. differ across different regions in Kanpur?,"[{""filename"": ""Kanpur Branch Network.md"", ""text"": ""With well-distributed branches, Kanpur citizens benefit from modern banking infrastructure, financial advisory, and customer support in their localities. The branch addresses specify distinct IFSC codes and contact numbers for each region: North, South, East, West, and Central Kanpur.""}]"
ZX Bank,Procedural,How can I contact the branch located in North Kanpur on GT Road?,"[{""filename"": ""Kanpur Branch Network.md"", ""text"": ""The GT Road, Rawatpur branch in North Kanpur has the IFSC Code ZXIN0001002 and can be reached at the contact number 0512-2450055.""}]"
ZX Bank,Boolean,"Does ZX Bank Ltd. have a branch in Naubasta, West Kanpur?","[{""filename"": ""Kanpur Branch Network.md"", ""text"": ""Yes, ZX Bank Ltd. has a branch located at 19 Naubasta, West Kanpur-208021 with the contact number 0512-2569172.""}]"
ZX Bank,Analytical,Why might ZX Bank Ltd. choose to have a presence in multiple regions of Kanpur?,"[{""filename"": ""Kanpur Branch Network.md"", ""text"": ""ZX Bank Ltd. maintains a robust and accessible network across Kanpur, ensuring quality banking services are readily available to residents in every part of the city. This strategy enables the bank to cater to diverse customer needs with modern infrastructure and comprehensive services effectively spanning North, South, East, West, and Central Kanpur.""}]"
ZX Bank,Open-Ended,What are the features of the ZX Bank Gold Loan?,"[{""filename"": ""ZX Bank Gold Loan.md"", ""text"": ""## **Features of ZX Bank Gold Loan**\n- **Fast Processing:** Walk-in disbursal, minimal paperwork, and instant approval.\n- **Secure Storage:** Your gold jewelry is stored securely in bank vaults.\n- **Flexible Repayment:** Choice of tenure and repayment options.\n- **Digital Tracking:** Manage and repay your loan via the ZX Bank Asia Mobile App.""}]"
ZX Bank,Procedural,How can I apply for a ZX Bank Gold Loan?,"[{""filename"": ""ZX Bank Gold Loan.md"", ""text"": ""## **How to Apply**\n\n- **Visit**: Any ZX Bank branch with your gold ornaments and required documents\n- **Online Application**: Apply via ZX Bank Asia Mobile App for a digital pre-approval & appointment\n- **Quick Disbursal**: Loan amount credited to your account in minutes after gold valuation and documentation""}]"
ZX Bank,Analytical,What factors influence the interest rate of the ZX Bank Gold Loan?,"[{""filename"": ""ZX Bank Gold Loan.md"", ""text"": ""## **Interest Rate**\n\n- **Starting Rate:** _**9.5% per annum**_ (floating, subject to change as per prevailing bank rates and loan tenure)\n- **Processing Fee:** _0.25% of the loan amount or \u20b9250 (whichever is higher)_\n\n**Note:** Actual interest rate may vary based on gold purity, market rates, and loan amount.""}]"
ZX Bank,Boolean,Is it possible to track a ZX Bank Gold Loan digitally?,"[{""filename"": ""ZX Bank Gold Loan.md"", ""text"": ""## **Features of ZX Bank Gold Loan**\n- **Digital Tracking:** Manage and repay your loan via the ZX Bank Asia Mobile App.""}]"
ZX Bank,Descriptive,How many branches does ZX Bank have in North Chennai?,"[{""filename"": ""Network in Chennai.md"", ""text"": ""ZX Bank Ltd. has established a robust banking network within Chennai, providing convenient access to financial services across all key regions of the city: North, South, East, West, and Central Chennai.""}, {""filename"": ""Network in Chennai.md"", ""text"": ""North Chennai Branches include:\n- No. 25, Jawahar Nagar, Perambur\n- 142, MTH Road, Ambattur\n- 50, GNT Road, Madhavaram\n- 7, Tollgate, Thiruvottiyur\n- 18A, R.K. Nagar Main Road, Vyasarpadi\n- 2, Mint Street, Kondithope\n- Old No.21, New No.48, Ennore High Road, Ennore\n- 63, Tondiarpet High Road, Tondiarpet""}]"
ZX Bank,Comparative,How do the number of branches in East Chennai compare to West Chennai?,"[{""filename"": ""Network in Chennai.md"", ""text"": ""East Chennai Branches include:\n- 212, Luz Church Road, Mylapore\n- 56, Dr. Radhakrishnan Salai, Mylapore\n- 11, Royapettah High Road, Royapettah\n- 71, Chamiers Road, Teynampet\n- 205, Santhome High Road, Santhome\n- 33, Besant Avenue, Adyar\n- 85, Eldams Road, Alwarpet\n- 12, RK Mutt Road, Mandaveli""}, {""filename"": ""Network in Chennai.md"", ""text"": ""West Chennai Branches include:\n- 385, Arcot Road, Vadapalani\n- 22, Koyambedu Market Road, Koyambedu\n- 15, Mugalivakkam Main Road, Porur\n- 170, Poonamallee High Road, Kumananchavadi\n- 14, Jawaharlal Nehru Main Road, Anna Nagar\n- 69, 100 Feet Road, Ashok Nagar\n- 120, Arcot Road, Valasaravakkam\n- 46, Avadi Main Road, Avadi""}]"
ZX Bank,Boolean,Is there a ZX Bank branch on GST Road in South Chennai?,"[{""filename"": ""Network in Chennai.md"", ""text"": ""South Chennai Branches include:\n- 1, Velachery Main Road, Velachery\n- 5, GST Road, Tambaram\n- 31, OMR, Sholinganallur\n- 76, Medavakkam Main Road, Madipakkam\n- 14, Thiruvanmiyur Main Road, Thiruvanmiyur\n- 89, Mount Road, Guindy\n- 23, GST Road, Chromepet\n- 99, East Coast Road, Neelankarai""}]"
ZX Bank,Procedural,How do I contact the ZX Bank branch at Teynampet in Central Chennai?,"[{""filename"": ""Network in Chennai.md"", ""text"": ""Central Chennai Branches include:\n- 10, Nungambakkam High Road, Nungambakkam\n- 40, Egmore High Road, Egmore\n- 92, Mount Road, Teynampet\n- 7, Cathedral Road, Gopalapuram\n- 36, Pantheon Road, Egmore\n- 123, Anna Salai, Thousand Lights\n- 21, Greams Road, Thousand Lights\n- 85, College Road, Nungambakkam""}, {""filename"": ""Network in Chennai.md"", ""text"": ""The Teynampet branch contact details are:\n- 92, Mount Road, Teynampet\n- Contact Number: 044-28531754""}]"
ZX Bank,Descriptive,What are the features of the ZX Bank Current Account?,"[{""filename"": ""Current Account Overview.md"", ""text"": ""- Zero Initial Deposit: Flexible opening policies with no hefty deposit requirements (as per eligibility).\n- Seamless Transactions: High monthly cash deposit/withdrawal limits.\n- Multi-Location Banking: Access to 560+ branches and 1,200+ ATMs across India and South Asia.\n- Digital Banking Suite: Instant fund transfers (IMPS/NEFT/RTGS), UPI payments, bill payments, mobile and net banking.\n- Personalised Cheque Book & Debit Card: Complimentary with every account.\n- Overdraft Facility: Business overdraft (subject to eligibility).\n- Dedicated Relationship Manager: For priority servicing.\n- Exclusive Offers: Discounted trade finance, corporate credit cards, and priority remittance.""}]"
ZX Bank,Procedural,How do I apply for a ZX Bank Current Account online?,"[{""filename"": ""Current Account Overview.md"", ""text"": ""Online Process:\n1. Visit [www.zxbank.asia](https://www.zxbank.asia/current-account).\n2. Click on \u2018Open Current Account\u2019.\n3. Complete digital e-KYC with Aadhaar and PAN.\n4. Upload business documents (as applicable).\n5. Choose branch & verify mobile/email via OTP.\n6. Receive instant account number and digital onboarding kit.""}]"
ZX Bank,Analytical,Why might businesses choose ZX Bank for their current account needs?,"[{""filename"": ""Current Account Overview.md"", ""text"": ""- Paperless Digital Onboarding\n- Rewarding Welcome Kit\n- Easy Access to Funds and Credit\n- Comprehensive Insurance Coverage\n- Pan-South Asia Remittance Support\n- Priority Servicing\n- Full Digital Control via ZX Bank Asia App""}]"
ZX Bank,Boolean,Does ZX Bank offer a no-initial deposit option for current accounts?,"[{""filename"": ""Current Account Overview.md"", ""text"": ""Yes, ZX Bank offers a Zero Initial Deposit option with their current accounts, subject to eligibility.""}]"
ZX Bank,Open-Ended,What benefits come with the ZX Current Account Welcome Kit?,"[{""filename"": ""Current Account Overview.md"", ""text"": ""- Premium Travel Bag\n- Universal Travel Adapter (4 Plugs, 150 Countries)\n- Personalised Debit Card\n- Starter Cheque Book\n- Instant NetBanking & Mobile App Access\n- Exclusive Health Insurance with a coverage amount of \u20b910,00,000, cashless hospitalization at partner hospitals, covering accidental and medical emergencies and daily benefits.""}]"
ZX Bank,Descriptive,What is the branch network of ZX Bank in Mumbai?,"[{""filename"": ""Network in Mumbai.md"", ""text"": ""Mumbai, as a financial powerhouse of India, is central to ZX Bank's operations and service delivery. To ensure citywide coverage and facilitate ease of banking, ZX Bank has established a robust presence across all major regions\u2014South, North, East, West, and Central Mumbai. With a network of 34 well-placed branches, customers can access retail, corporate, and digital banking services seamlessly from any part of the metropolis.""}]"
ZX Bank,Analytical,Why does ZX Bank have a strong presence in Mumbai?,"[{""filename"": ""Network in Mumbai.md"", ""text"": ""Mumbai, as a financial powerhouse of India, is central to ZX Bank's operations and service delivery. To ensure citywide coverage and facilitate ease of banking, ZX Bank has established a robust presence across all major regions\u2014South, North, East, West, and Central Mumbai. Each branch is equipped with advanced infrastructure and knowledgeable staff, underlining ZX Bank\u2019s commitment to accessibility, convenience, and quality banking for all Mumbaikars.""}]"
ZX Bank,Procedural,How can I find the IFSC code for the South Mumbai branch of ZX Bank at Nariman Point?,"[{""filename"": ""Network in Mumbai.md"", ""text"": ""| Branch Address | IFSC Code | Contact Number |\n|------------------------------------------------------|-----------------|------------------|\n| Maker Chambers V, Nariman Point, Mumbai 400021 | ZXIN0000101 | 022-24510011 |""}]"
ZX Bank,Boolean,Does ZX Bank offer digital banking services in Mumbai?,"[{""filename"": ""Network in Mumbai.md"", ""text"": ""With a network of 34 well-placed branches, customers can access retail, corporate, and digital banking services seamlessly from any part of the metropolis.""}]"
ZX Bank,Comparative,How does the distribution of ZX Bank branches in North Mumbai compare to those in South Mumbai?,"[{""filename"": ""Network in Mumbai.md"", ""text"": ""South Mumbai Branches\n\n| Branch Address | IFSC Code | Contact Number |\n|------------------------------------------------------|-----------------|------------------|\n| Maker Chambers V, Nariman Point, Mumbai 400021 | ZXIN0000101 | 022-24510011 |\n| 146, M. G. Road, Fort, Mumbai 400001 | ZXIN0000102 | 022-24982255 |\n| 21/23, K. Dubash Marg, Kala Ghoda, Mumbai 400032 | ZXIN0000103 | 022-22851122 |\n| Ballard Estate, Fort, Mumbai 400038 | ZXIN0000104 | 022-26269988 |\n| Ground Floor, Cuffe Parade, Colaba, Mumbai 400005 | ZXIN0000105 | 022-22114477 |\n| 117, Marine Drive, Churchgate, Mumbai 400020 | ZXIN0000106 | 022-22671199 |\n| Haji Ali, Tardeo Road, Mumbai 400034 | ZXIN0000107 | 022-24880044 |\n\nNorth Mumbai Branches\n\n| Branch Address | IFSC Code | Contact Number |\n|-------------------------------------------------|-----------------|------------------|\n| 224, Link Road, Malad (West), Mumbai 400064 | ZXIN0000201 | 022-28607744 |\n| Off Highway, Borivali (East), Mumbai 400066 | ZXIN0000202 | 022-28953398 |\n| Sai Complex, Mira Road (East), Mumbai 401107 | ZXIN0000203 | 022-28121234 |\n| Shanti Nagar, Dahisar (East), Mumbai 400068 | ZXIN0000204 | 022-28988810 |\n| Western Express Hwy, Kandivali (East), 400101 | ZXIN0000205 | 022-28056742 |\n| 45, SV Road, Goregaon (West), Mumbai 400104 | ZXIN0000206 | 022-28792211 |\n| Chincholi Bunder, Malad (West), Mumbai 400064 | ZXIN0000207 | 022-28812255 |""}]"
ZX Bank,Procedural,How can I find the nearest ZX Bank ATM?,"[{""filename"": ""ATMs at Railway Stations and Airports.md"", ""text"": ""**All ZX Bank ATMs at these locations support:** Cash Withdrawal, Balance Enquiry, Mini Statements, Fund Transfer (card-to-card), Fast Pay, and Recharge Services. Many ATMs have 24x7 security and multi-language interface.""}, {""filename"": ""ATMs at Railway Stations and Airports.md"", ""text"": ""Find the nearest ZX Bank ATM using the [ZX Bank Asia Mobile App](https://www.zxbank.asia) or [ZX Bank ATM Locator](https://www.zxbank.asia/atm-locator).""}]"
ZX Bank,Descriptive,Where can I find ZX Bank ATMs in Mumbai?,"[{""filename"": ""ATMs at Railway Stations and Airports.md"", ""text"": ""## Mumbai, Maharashtra\n- **Railway Stations:**\n - Chhatrapati Shivaji Maharaj Terminus (CSMT)\n - Mumbai Central\n - Dadar\n - Lokmanya Tilak Terminus\n- **Airports:**\n - Chhatrapati Shivaji Maharaj International Airport (Terminals 1 & 2)""}]"
ZX Bank,Open-Ended,What services do ZX Bank ATMs offer?,"[{""filename"": ""ATMs at Railway Stations and Airports.md"", ""text"": ""**All ZX Bank ATMs at these locations support:** Cash Withdrawal, Balance Enquiry, Mini Statements, Fund Transfer (card-to-card), Fast Pay, and Recharge Services. Many ATMs have 24x7 security and multi-language interface.""}]"
ZX Bank,Comparative,How is ZX Bank's ATM coverage in Delhi different from Bangalore?,"[{""filename"": ""ATMs at Railway Stations and Airports.md"", ""text"": ""**Delhi, National Capital Territory**\n- **Railway Stations:**\n - New Delhi Railway Station (NDLS)\n - Hazrat Nizamuddin (NZM)\n - Old Delhi Junction (DLI)\n - Anand Vihar Terminal\n- **Airports:**\n - Indira Gandhi International Airport (Terminals 1, 2, 3)""}, {""filename"": ""ATMs at Railway Stations and Airports.md"", ""text"": ""**Bangalore (Bengaluru), Karnataka**\n- **Railway Stations:**\n - Krantivira Sangolli Rayanna (Bengaluru City Junction - SBC)\n - Yeshwanthpur Junction\n- **Airports:**\n - Kempegowda International Airport""}]"
ZX Bank,Comparative,How is ZX Bank's ATM network distributed in Kathmandu compared to Pokhara?,"[{""filename"": ""Nepal ATM Locations.md"", ""text"": ""In Kathmandu, ZX Bank has ATMs at Thamel Branch, Patan Durbar Square, and New Baneshwor. In Pokhara, the ATMs are located at Lakeside and Mahendrapul.""}]"
ZX Bank,Procedural,How can I find the nearest ZX Bank ATM location in Nepal?,"[{""filename"": ""Nepal ATM Locations.md"", ""text"": ""ZX Bank ATMs are also operational at several shopping malls, airports, hospitals, and university campuses across Nepal. For the most updated list or to find the nearest ATM, use the [ZX Bank Asia Mobile App](https://www.zxbank.asia/mobile-app).""}]"
ZX Bank,Descriptive,Where are ZX Bank's main ATM locations in Biratnagar?,"[{""filename"": ""Nepal ATM Locations.md"", ""text"": ""In Biratnagar, ZX Bank has its main ATM located at 112 Bhrikuti Chowk, Biratnagar 56613.""}]"
ZX Bank,Open-Ended,What services does ZX Bank offer to ensure convenient banking for customers in Nepal?,"[{""filename"": ""Nepal ATM Locations.md"", ""text"": ""ZX Bank provides a robust ATM network across Nepal, ensuring convenient banking access for local residents and NRI customers. Additionally, ZX Bank ATMs are operational in various convenient locations such as shopping malls, airports, hospitals, and university campuses.""}]"
ZX Bank,Descriptive,What are the locations of ZX Bank ATMs in Mumbai?,"[{""filename"": ""ZX Bank ATM Network at Major Parks \u2013 India.md"", ""text"": ""1. Shivaji Park ATM - Near Entry Gate, Shivaji Park, Dadar West, Mumbai, 400028\n2. Jijamata Udyan (Byculla Zoo) ATM - Main Entrance, Dr. Babasaheb Ambedkar Road, Byculla East, Mumbai, 400027\n3. Sanjay Gandhi National Park ATM - Main Gate, Borivali East, Mumbai, 400066\n4. Hanging Gardens ATM - Entry Pavilion, Malabar Hill, Mumbai, 400006\n5. Priyadarshini Park ATM - Near Jogging Track, Nepean Sea Road, Mumbai, 400036\n6. Five Gardens ATM - Near Garden 2, Matunga, Mumbai, 400019""}]"
ZX Bank,Comparative,How many ATMs are located in Delhi compared to Chennai?,"[{""filename"": ""ZX Bank ATM Network at Major Parks \u2013 India.md"", ""text"": ""Delhi ATMs:\n1. Lodhi Gardens ATM\n2. Deer Park ATM\n3. Nehru Park ATM\n4. Central Park ATM\n5. Japanese Park ATM\n6. Indraprastha Park ATM""}, {""filename"": ""ZX Bank ATM Network at Major Parks \u2013 India.md"", ""text"": ""Chennai ATMs:\n1. Semmozhi Poonga ATM\n2. Guindy National Park ATM\n3. Anna Nagar Tower Park ATM\n4. Natesan Park ATM\n5. Tholkappia Poonga (Adyar Eco Park) ATM\n6. Chetpet EcoPark ATM""}]"
ZX Bank,Procedural,How do I find an ATM near a park in Ahmedabad?,"[{""filename"": ""ZX Bank ATM Network at Major Parks \u2013 India.md"", ""text"": ""1. Law Garden ATM - Main Entrance, Ellisbridge, Ahmedabad, 380006\n2. Parimal Garden ATM - Entry Gate, Parimal Society, Ahmedabad, 380006\n3. Kankaria Lake Park ATM - Gate 3, Maninagar, Ahmedabad, 380008\n4. Riverfront Park ATM - West Entry, Sabarmati River, Ahmedabad, 380001\n5. Vastrapur Lake Park ATM - Main Gate, Vastrapur, Ahmedabad, 380052\n6. Sundarvan Nature Discovery Centre ATM - Main Entrance, Satellite, Ahmedabad, 380015""}]"
ZX Bank,Temporal,When were the ATMs installed in major parks of Surat?,"[{""filename"": ""ZX Bank ATM Network at Major Parks \u2013 India.md"", ""text"": ""1. Gopi Talav Park ATM - Entry Plaza, Rustampura, Surat, 395002\n2. Sarthana Nature Park ATM - Main Gate, Sarthana Jakatnaka, Surat, 395006\n3. VR Mall Garden ATM - VR Mall Entry, Dumas Road, Magdalla, Surat, 395007\n4. Indira Gandhi Garden ATM - Main Entrance, Athwalines, Surat, 395001\n5. Science Centre Park ATM - City Light Road, Surat, 395007\n6. Pal Lake Garden ATM - Garden Gate, Pal, Surat, 395009\n(Note: Installation dates not provided in the document.)""}]"
ZX Bank,Open-Ended,What is ZX Bank NetBanking?,"[{""filename"": ""NetBanking Guide.md"", ""text"": ""ZX Bank NetBanking is a secure online banking platform for individuals and businesses to manage accounts, perform transactions, pay bills, and access banking services anytime, anywhere.""}]"
ZX Bank,Procedural,How can I activate ZX Bank NetBanking online?,"[{""filename"": ""NetBanking Guide.md"", ""text"": ""1. Visit [ZX Bank Asia Website](https://www.zxbank.asia)\n2. Click on **\u2018NetBanking Login\u2019** and select **\u2018New User/Register\u2019**\n3. Enter:\n - Customer ID (from passbook/account statement)\n - Registered mobile number\n - Verification via OTP\n4. Set your NetBanking username and password.\n5. Login and set transactional password & security questions.""}]"
ZX Bank,Comparative,What are the different ways to activate ZX Bank NetBanking?,"[{""filename"": ""NetBanking Guide.md"", ""text"": ""1. **Self-Registration (Online)**\n2. **Activation via Branch**\n3. **Activation via Mobile App**""}]"
ZX Bank,Analytical,Why might ZX Bank offer higher transaction limits to corporate customers?,"[{""filename"": ""NetBanking Guide.md"", ""text"": ""Corporate/priority customers may request for higher limits. Limits can be customized via branch or customer support, subject to approval and enhanced security.""}]"
ZX Bank,Descriptive,What are the daily transaction limits for ZX Bank NetBanking?,"[{""filename"": ""NetBanking Guide.md"", ""text"": ""| **Service** | **Per day Limit** |\n|---------------------------|-------------------------|\n| NEFT/RTGS (Fund transfer) | \u20b910,00,000 |\n| IMPS/UPI | \u20b92,00,000 |\n| Bill Payments | \u20b91,00,000 |\n| Own ZX Bank account Txns | \u20b920,00,000 |\n\n> **Note:** Corporate/priority customers may request for higher limits. Limits can be customized via branch or customer support, subject to approval and enhanced security.""}]"
ZX Bank,Open-Ended,What benefits does the ZX Bank Salary Saving Account offer?,"[{""filename"": ""Salary Saving Account.md"", ""text"": ""- Zero Balance Facility: No need to maintain a minimum balance.\n- Instant Account Opening: Open via digital onboarding or at any branch.\n- Free Debit Card: Complimentary international card for transactions.\n- Auto Sweep Fixed Deposit: Surplus funds transfer for higher returns.\n- Unlimited Fund Transfers: Free via IMPS, NEFT, RTGS, and UPI.\n- Preferential Loan Rates: Special rates on loans.\n- Bill Payments & Recharge: Pay bills and recharge instantly via the app.\n- AI-powered Banking Assistant: 24x7 help from Zia, your smart assistant.""}]"
ZX Bank,Procedural,How can I apply for a ZX Bank Salary Saving Account online?,"[{""filename"": ""Salary Saving Account.md"", ""text"": ""1. Visit [www.zxbank.asia](https://www.zxbank.asia) or download the ZX Bank Asia Mobile App.\n2. Click on \u201cOpen Salary Saving Account\u201d.\n3. Complete e-KYC verification by uploading Aadhaar, PAN, and salary slip.\n4. Fill out the application form with basic and employment details.\n5. Review and submit the application to receive the account number instantly.""}]"
ZX Bank,Descriptive,What is included in the ZX Bank Salary Saving Account Welcome Kit?,"[{""filename"": ""Salary Saving Account.md"", ""text"": ""- ZX Bank Branded Travel Bag: Sturdy and stylish for trips.\n- International Travel Adapter: 4 Plugs, suitable for 150 countries.\n- Welcome Letter & Account Documents: Contains account number, debit card, and net banking credentials.\n- Debit Card: International validity and contactless features.""}]"
ZX Bank,Boolean,Does ZX Bank Salary Saving Account require maintaining a minimum balance?,"[{""filename"": ""Salary Saving Account.md"", ""text"": ""No, the Salary Saving Account holders enjoy a true zero-balance facility, with no penalties for non-maintenance.""}]"
ZX Bank,Descriptive,How are ZX Bank branches distributed in Nagpur?,"[{""filename"": ""Branches in Nagpur.md"", ""text"": ""Nagpur stands as a key urban and commercial hub in central India, and ZX Bank has strategically established its branch network across the city to support individuals, businesses, and digital-first banking. Customers in Nagpur benefit from well-distributed access to financial services, with branches spanning all cardinal regions\u2014North, South, East, West, and Central Nagpur\u2014ensuring convenience, extended reach, and seamless banking for all residents.""}]"
ZX Bank,Boolean,Does ZX Bank have a branch in East Nagpur?,"[{""filename"": ""Branches in Nagpur.md"", ""text"": ""## East Nagpur\n\n| Branch Address | IFSC Code | Contact Number |\n|----------------------------------------------------|---------------|------------------|\n| Shop No. 5, Heritage Square, Wardhaman Nagar | ZXIN0000341 | 0712-2651881 |""}]"
ZX Bank,Procedural,How can I contact the South Nagpur ZX Bank branch at Hanuman Nagar?,"[{""filename"": ""Branches in Nagpur.md"", ""text"": ""## South Nagpur\n\n| Branch Address | IFSC Code | Contact Number |\n|----------------------------------------------------|---------------|------------------|\n| House No. 98, Hanuman Nagar, Near Balaji Temple | ZXIN0000332 | 0712-2504777 |""}]"
ZX Bank,Analytical,Why might ZX Bank have chosen to establish branches in all cardinal regions of Nagpur?,"[{""filename"": ""Branches in Nagpur.md"", ""text"": ""Nagpur stands as a key urban and commercial hub in central India, and ZX Bank has strategically established its branch network across the city to support individuals, businesses, and digital-first banking. This ensures convenience, extended reach, and seamless banking for all residents by distributing branches across North, South, East, West, and Central Nagpur.""}]"
ZX Bank,Descriptive,Where are ZX Bank ATMs located in Mumbai?,"[{""filename"": ""ATM Locations at Tech Parks in Major Indian Cities.md"", ""text"": ""Below is a list of ZX Bank ATM locations situated in prominent Tech Parks across major Indian cities.""}, {""filename"": ""ATM Locations at Tech Parks in Major Indian Cities.md"", ""text"": ""Mumbai \u2013 Maharashtra\n1. Mindspace Airoli IT Park - Building 2, Mindspace, Thane-Belapur Road, Airoli, Navi Mumbai, Maharashtra 400708\n2. Nesco IT Park - Gate 3, Western Express Highway, Goregaon (East), Mumbai, Maharashtra 400063\n3. Infinity IT Park - New Link Road, Malad (West), Mumbai, Maharashtra 400064""}]"
ZX Bank,Analytical,Why are ZX Bank ATMs located mainly in tech parks?,"[{""filename"": ""ATM Locations at Tech Parks in Major Indian Cities.md"", ""text"": ""Below is a list of ZX Bank ATM locations situated in prominent Tech Parks across major Indian cities.""}, {""filename"": ""ATM Locations at Tech Parks in Major Indian Cities.md"", ""text"": ""Note: Addresses provided are based on major established tech/commercial parks in each city.""}]"
ZX Bank,Procedural,How can one find the nearest ZX Bank ATM in Hyderabad?,"[{""filename"": ""ATM Locations at Tech Parks in Major Indian Cities.md"", ""text"": ""Hyderabad \u2013 Telangana\n1. HITEC City - Madhapur, Hyderabad, Telangana 500081\n2. Raheja Mindspace IT Park - Cyberabad, Hyderabad, Telangana 500081\n3. Cyber Pearl - Hitech City Road, Madhapur, Hyderabad, Telangana 500081""}, {""filename"": ""ATM Locations at Tech Parks in Major Indian Cities.md"", ""text"": ""Below is a list of ZX Bank ATM locations situated in prominent Tech Parks across major Indian cities.""}]"
ZX Bank,Open-Ended,What are the names of tech parks in Chennai with ZX Bank ATMs?,"[{""filename"": ""ATM Locations at Tech Parks in Major Indian Cities.md"", ""text"": ""Chennai \u2013 Tamil Nadu\n1. TIDEL Park - No. 4, Rajiv Gandhi Salai, Taramani, Chennai, Tamil Nadu 600113\n2. DLF IT Park - 1/124, Mount Poonamallee Road, Manapakkam, Chennai, Tamil Nadu 600089\n3. Olympia Tech Park - SIDCO Industrial Estate, Guindy, Chennai, Tamil Nadu 600032""}]"
ZX Bank,Boolean,Does ZX Bank have ATMs in Coimbatore?,"[{""filename"": ""ATM Locations at Tech Parks in Major Indian Cities.md"", ""text"": ""Below is a list of ZX Bank ATM locations situated in prominent Tech Parks across major Indian cities.""}, {""filename"": ""ATM Locations at Tech Parks in Major Indian Cities.md"", ""text"": ""Coimbatore \u2013 Tamil Nadu\n1. TIDEL Park Coimbatore - Civil Aerodrome Post, Peelamedu, Coimbatore, Tamil Nadu 641014\n2. SPC Tech Park - Avinashi Road, Peelamedu, Coimbatore, Tamil Nadu 641004\n3. KCT Tech Park - Thudiyalur Road, Saravanampatti, Coimbatore, Tamil Nadu 641035""}]"
ZX Bank,Procedural,How can I find the nearest ZX Bank ATM to my location?,"[{""filename"": ""ATM Locations in Sri Lanka.md"", ""text"": ""For the latest and exact location, please visit [ZX Bank\u2019s ATM Locator](https://www.zxbank.asia/atm-locator) or use the \u201cATM Finder\u201d in the ZX Bank Asia Mobile App.""}]"
ZX Bank,Descriptive,Where are the ZX Bank ATMs located in Colombo?,"[{""filename"": ""ATM Locations in Sri Lanka.md"", ""text"": ""- **ZX Bank \u2013 Main Branch ATM**: Address: 100 Galle Road, Colombo 03, Colombo District\n- **ZX Bank \u2013 Borella Branch ATM**: Address: 45 Baseline Road, Borella, Colombo 08\n- **ZX Bank \u2013 Pettah ATM**: Address: 77 Main Street, Pettah, Colombo 11""}]"
ZX Bank,Boolean,Does ZX Bank have an ATM in Galle?,"[{""filename"": ""ATM Locations in Sri Lanka.md"", ""text"": ""Yes, ZX Bank has an ATM at the following location in Galle:\n- **ZX Bank \u2013 Galle Fort ATM**: Address: 15 Pedlar Street, Galle Fort, Galle""}]"
ZX Bank,Comparative,How does the number of ZX Bank ATMs in Colombo compare to those in Kandy?,"[{""filename"": ""ATM Locations in Sri Lanka.md"", ""text"": ""In Colombo, ZX Bank has three ATMs:\n- Main Branch ATM\n- Borella Branch ATM\n- Pettah ATM\n\nIn Kandy, ZX Bank has two ATMs:\n- City Centre ATM\n- Peradeniya Branch ATM""}]"
ZX Bank,Comparative,“How is ZX Bank's house loan different from other banks?”,"[{""filename"": ""ZX Bank House Loan.md"", ""text"": ""ZX Bank offers flexible, affordable, and convenient House Loan solutions with competitive interest rates, flexible repayment tenure up to 30 years, and zero prepayment charges. They also provide quick approvals with minimal documentation and offer loan amounts up to 90% of the property cost.""}]"
ZX Bank,Procedural,How do I apply for a house loan at ZX Bank?,"[{""filename"": ""ZX Bank House Loan.md"", ""text"": ""You can apply for a house loan at ZX Bank through various methods: online via the ZX Bank Home Loan Portal, through the ZX Bank Asia mobile app available on Android or iOS, or by visiting any ZX Bank branch across India, Sri Lanka, Bangladesh, Bhutan, or Nepal.""}]"
ZX Bank,Descriptive,What are the key features of the ZX Bank house loan?,"[{""filename"": ""ZX Bank House Loan.md"", ""text"": ""Key features of the ZX Bank house loan include eligibility for salaried, self-employed, and NRIs, a loan amount range of \u20b9 5 lakhs to \u20b9 10 crores, tenure up to 30 years, starting processing fee at 0.25% of the loan amount, options for fixed or floating interest rates, available top-up loans, and easy balance transfer from other banks.""}]"
ZX Bank,Open-Ended,What special benefits does ZX Bank offer for its house loan?,"[{""filename"": ""ZX Bank House Loan.md"", ""text"": ""ZX Bank offers several special benefits including additional rate concessions for women co-applicants, dedicated relationship managers and online application services for NRIs, and lower rates for eco-friendly or energy-efficient homes.""}]"
ZX Bank,Boolean,Does ZX Bank offer loans to NRIs?,"[{""filename"": ""ZX Bank House Loan.md"", ""text"": ""Yes, ZX Bank offers house loans to NRIs, with dedicated relationship managers and online application services.""}]"
ZX Bank,Descriptive,What is the branch network of ZX Bank in Hyderabad?,"[{""filename"": ""Hyderabad Branch Network.md"", ""text"": ""ZX Bank boasts a robust and strategically distributed branch network throughout Hyderabad, catering to the city's diverse and growing population. With convenient locations across North, South, East, West, and Central Hyderabad, customers can access a full suite of banking services close to home or work. Each branch is equipped to serve retail, business, and digital banking needs, reinforcing ZX Bank\u2019s commitment to customer access and financial inclusion within this urban hub.""}]"
ZX Bank,Procedural,How can I contact the North Hyderabad branch of ZX Bank located in Jeedimetla Industrial Area?,"[{""filename"": ""Hyderabad Branch Network.md"", ""text"": ""Contact the Jeedimetla Industrial Area branch at the following details:\n- Address: Jeedimetla Industrial Area, 500055\n- IFSC Code: ZXIN0001205\n- Contact Number: 040-45671205""}]"
ZX Bank,Comparative,How does the distribution of ZX Bank branches in North Hyderabad compare to Central Hyderabad?,"[{""filename"": ""Hyderabad Branch Network.md"", ""text"": ""North Hyderabad has six branches located in Kukatpally, Ameerpet, Kompally, Bowenpally, Jeedimetla, and Suchitra, while Central Hyderabad has seven branches located in Banjara Hills, Begumpet, Abids, Himayat Nagar, Somajiguda, Nampally, and Basheerbagh.""}]"
ZX Bank,Boolean,Is there a ZX Bank branch in the Gachibowli area of Hyderabad?,"[{""filename"": ""Hyderabad Branch Network.md"", ""text"": ""Yes, there is a ZX Bank branch located in the Gachibowli Financial District with the IFSC Code ZXIN0001231 and a contact number 040-45671231.""}]"
ZX Bank,Analytical,Why might ZX Bank have chosen to distribute its branches across different areas of Hyderabad?,"[{""filename"": ""Hyderabad Branch Network.md"", ""text"": ""The strategic distribution of branches across North, South, East, West, and Central Hyderabad allows ZX Bank to cater to a diverse and growing population, ensuring accessibility and convenience for customers. This approach reinforces ZX Bank\u2019s commitment to customer access and financial inclusion within an urban hub, allowing the bank to serve retail, business, and digital banking needs effectively.""}]"
ZX Bank,Descriptive,What is the main purpose of ZX Bank's Agriculture Loan?,"[{""filename"": ""Agriculture Loan.md"", ""text"": ""ZX Bank offers specialized Agriculture Loans to empower farmers and agribusinesses across South Asia. Designed to support crop production, equipment purchase, irrigation solutions, dairy, and allied activities, our Agriculture Loan aims to fuel rural prosperity with flexible terms and low interest rates.""}]"
ZX Bank,Open-Ended,What are the key features of ZX Bank Agriculture Loan?,"[{""filename"": ""Agriculture Loan.md"", ""text"": ""- Flexible Loan Amounts: From \u20b925,000 up to \u20b950 lakhs (or local equivalent)\n- Attractive Interest Rates: Competitive and affordable for farmers\n- Flexible Repayment: Seasonal EMI or bullet repayment options\n- Quick Disbursement: Fast-tracked application & approval process\n- No Prepayment Penalty: Repay early at no additional cost\n- Collateral Options: Available as secured or partially secured loans\n- Special Women Farmer Schemes: Extra 1% interest rate discount for women-led agri ventures""}]"
ZX Bank,Procedural,How can one apply for the ZX Bank Agriculture Loan online?,"[{""filename"": ""Agriculture Loan.md"", ""text"": ""1. Download the ZX Bank Asia Mobile App (Android / iOS)\n2. Login/Register with mobile number and e-KYC\n3. Go to Loans > Agriculture Loan\n4. Fill out the application form & upload documents\n5. Track your application status in real-time\n6. Use the \u201cZia\u201d AI assistant for help""}]"
ZX Bank,Analytical,Why might women-led agri ventures choose ZX Bank for loans?,"[{""filename"": ""Agriculture Loan.md"", ""text"": ""ZX Bank offers special women farmer schemes, including an extra 1% interest rate discount for women-led agri ventures, which can provide significant savings and support for these ventures. Additionally, the bank provides flexible terms and a diverse range of loan amounts that cater to various needs.""}]"
ZX Bank,Boolean,Can individual farmers apply for the ZX Bank Agriculture Loan?,"[{""filename"": ""Agriculture Loan.md"", ""text"": ""Yes, individual farmers can apply for the ZX Bank Agriculture Loan. Other eligible applicants include joint landholders, Self Help Groups (SHGs), and agribusinesses and cooperatives.""}]"
ZX Bank,Descriptive,Where can I find ZX Bank ATMs located at petrol pumps in Mumbai?,"[{""filename"": ""ATM Locations at Major Petrol Pumps.md"", ""text"": ""1. **Indian Oil, Bandra Kurla Complex** \n BKC Road, Bandra East, Mumbai \u2013 400051\n\n2. **HPCL, Cuffe Parade** \n Wodehouse Road, Cuffe Parade, Mumbai \u2013 400005\n\n3. **BPCL, Andheri West** \n Veera Desai Road, Andheri West, Mumbai \u2013 400053\n\n4. **Indian Oil, Worli** \n Dr. Annie Besant Road, Worli, Mumbai \u2013 400018\n\n5. **HPCL, Sion Circle** \n Sion Circle, Sion (E), Mumbai \u2013 400022\n\n6. **BPCL, Powai** \n JVLR, Near IIT Main Gate, Powai, Mumbai \u2013 400076\n\n7. **HPCL, Chembur** \n Sion Trombay Road, Chembur, Mumbai \u2013 400071\n\n8. **Indian Oil, Colaba** \n Shahid Bhagat Singh Road, Colaba, Mumbai \u2013 400005\n\n9. **BPCL, Borivali East** \n Western Express Highway, Borivali (E), Mumbai \u2013 400066\n\n10. **HPCL, Dadar** \n Gokhale Road, Dadar (W), Mumbai \u2013 400028""}]"
ZX Bank,Boolean,Does Delhi have ZX Bank ATMs at major petrol pumps?,"[{""filename"": ""ATM Locations at Major Petrol Pumps.md"", ""text"": ""1. **Indian Oil, Connaught Place** \n Outer Circle, CP, New Delhi \u2013 110001\n\n2. **HPCL, South Extension** \n Ring Road, South Extension, New Delhi \u2013 110049\n\n3. **BPCL, Lajpat Nagar** \n Lajpat Nagar IV, New Delhi \u2013 110024\n\n4. **Indian Oil, Dwarka Sector 12** \n Near Metro Station, Dwarka, New Delhi \u2013 110075\n\n5. **HPCL, Karol Bagh** \n Ajmal Khan Road, Karol Bagh, New Delhi \u2013 110005\n\n6. **BPCL, Vasant Kunj** \n Nelson Mandela Road, Vasant Kunj, New Delhi \u2013 110070\n\n7. **HPCL, Preet Vihar** \n Main Vikas Marg, Preet Vihar, New Delhi \u2013 110092\n\n8. **Indian Oil, Rohini Sector 7** \n Sector 7, Rohini, New Delhi \u2013 110085\n\n9. **BPCL, Saket** \n Saket Metro Station, Press Enclave Road, New Delhi \u2013 110017\n\n10. **HPCL, Janakpuri** \n Block-A, C4E Market, Janakpuri, New Delhi \u2013 110058""}]"
ZX Bank,Open-Ended,What are the available ZX Bank ATM locations in Bangalore?,"[{""filename"": ""ATM Locations at Major Petrol Pumps.md"", ""text"": ""1. **Indian Oil, MG Road** \n Trinity Circle, MG Road, Bengaluru \u2013 560001\n\n2. **HPCL, Koramangala** \n 80 Feet Road, Koramangala, Bengaluru \u2013 560034\n\n3. **BPCL, Jayanagar** \n 4th Block, Jayanagar, Bengaluru \u2013 560041\n\n4. **Indian Oil, Whitefield** \n ITPL Main Road, Whitefield, Bengaluru \u2013 560066\n\n5. **HPCL, Indiranagar** \n 100 Feet Road, Indiranagar, Bengaluru \u2013 560038\n\n6. **BPCL, Rajajinagar** \n Dr. Rajkumar Road, Rajajinagar, Bengaluru \u2013 560010\n\n7. **HPCL, Malleshwaram** \n Sampige Road, Malleshwaram, Bengaluru \u2013 560003\n\n8. **Indian Oil, Bannerghatta Road** \n Near IIM, Bannerghatta Road, Bengaluru \u2013 560076\n\n9. **BPCL, HSR Layout** \n 27th Main, Sector 1, HSR Layout, Bengaluru \u2013 560102\n\n10. **HPCL, Yeshwanthpur** \n Tumkur Road, Yeshwanthpur, Bengaluru \u2013 560022""}]"
ZX Bank,Procedural,How can I use the website to find the nearest ZX Bank ATM?,"[{""filename"": ""ATM Locations at Major Petrol Pumps.md"", ""text"": ""*Data is for reference purposes only. For real-time updates, use ZX Bank Asia Mobile App or visit [www.zxbank.asia](https://www.zxbank.asia).*""}]"
ZX Bank,Descriptive,What is the branch network of ZX Bank in Ludhiana?,"[{""filename"": ""Network in Ludhiana.md"", ""text"": ""ZX Bank Ltd. strengthens financial inclusion and ease of banking access in Ludhiana, one of Punjab\u2019s largest commercial hubs, through its well-distributed branch network. With 13 strategically located branches, the bank caters to both residential and commercial customers across North, South, East, West, and Central Ludhiana.""}]"
ZX Bank,Analytical,Why does ZX Bank focus on Ludhiana for its branch network?,"[{""filename"": ""Network in Ludhiana.md"", ""text"": ""ZX Bank Ltd. strengthens financial inclusion and ease of banking access in Ludhiana, one of Punjab\u2019s largest commercial hubs, through its well-distributed branch network.""}]"
ZX Bank,Procedural,How can I find the IFSC code for ZX Bank's North Ludhiana branches?,"[{""filename"": ""Network in Ludhiana.md"", ""text"": ""Branch addresses in North Ludhiana include SCO 45, Model Town Extension (IFSC: ZXIN0000301), 2nd Floor, GT Road, Miller Ganj (IFSC: ZXIN0000302), and Plot 32, Chandigarh Road, Vishal Nagar (IFSC: ZXIN0000303).""}]"
ZX Bank,Boolean,Does ZX Bank have a branch in South Ludhiana?,"[{""filename"": ""Network in Ludhiana.md"", ""text"": ""Yes, ZX Bank has branches in South Ludhiana at Shop 8, Gill Road, South City, and 1st Floor, Ferozepur Road, Rajguru Nagar, and 117, Pakhowal Road, Bhai Randhir Singh Nagar.""}]"
ZX Bank,Comparative,How does ZX Bank's branch presence compare between West and East Ludhiana?,"[{""filename"": ""Network in Ludhiana.md"", ""text"": ""West Ludhiana has branches at 72, Aggar Nagar, Main Market, SCO 10, Sukhdev Market, and Plot 9, Atam Park. East Ludhiana has branches at 22, Samrala Chowk, Civil Lines, and Shop 6, Sherpur Chowk, Shingaar Cinema Road.""}]"
ZX Bank,Procedural,How do I apply for a car loan at ZX Bank?,"[{""filename"": ""ZX Bank Car Loan.md"", ""text"": ""### Online (Recommended)\n1. **Download** the [ZX Bank Asia App](https://www.zxbank.asia/app) or log in to [ZX NetBanking](https://www.zxbank.asia/netbanking)\n2. Go to **\u201cLoans\u201d \u2192 \u201cCar Loan\u201d**\n3. **Fill the application** with your personal and vehicle details\n4. **Upload documents** using e-KYC (Aadhaar/Passport), salary slips, etc.\n5. **Check instant eligibility** and available offers\n6. **Submit application** for quick processing and approval updates""}, {""filename"": ""ZX Bank Car Loan.md"", ""text"": ""### Offline / Branch\n1. Visit your nearest [ZX Bank Branch](https://www.zxbank.asia/branches)\n2. Meet a relationship manager for personalized assistance\n3. Submit completed car loan application and documents""}]"
ZX Bank,Descriptive,What are the main features and benefits of ZX Bank's car loan?,"[{""filename"": ""ZX Bank Car Loan.md"", ""text"": ""- **Loan Amount:** Up to \u20b980 lakhs (India); equivalent amounts in other regions\n- **Tenure:** 12 to 84 months\n- **Attractive Interest Rates:** Starting from 8.25% p.a.*\n- **Quick Disbursal:** Get funds within 48 hours of approval\n- **Flexible Repayment:** EMI options tailored to your budget\n- **All Vehicle Types:** New & pre-owned cars, electric vehicles eligible\n- **No Hidden Charges:** Transparent processing fees and foreclosure terms\n- **Pre-approved Offers:** For select ZX Bank customers""}]"
ZX Bank,Open-Ended,What are the eligibility criteria for ZX Bank’s car loan?,"[{""filename"": ""ZX Bank Car Loan.md"", ""text"": ""- **Salaried individuals:** Age 21\u201360 | Minimum monthly income: \u20b920,000 (varies by region)\n- **Self-employed/professionals:** Age 21\u201365 | Minimum business vintage: 2 years""}]"
ZX Bank,Procedural,What documents are required to apply for a car loan at ZX Bank?,"[{""filename"": ""ZX Bank Car Loan.md"", ""text"": ""- **KYC Documents:** Aadhaar/Passport/Driving License, PAN, photograph\n- **Income Proof:** Salary slips/ITR/Bank statements (Past 6 months)\n- **Employment/Business Proof:** Offer letter/Business registration\n- **Vehicle Quotation/Invoice**""}, {""filename"": ""ZX Bank Car Loan.md"", ""text"": ""_All documents can be uploaded digitally via the ZX Bank Asia app/NetBanking_""}]"
ZX Bank,Procedural,How can I apply for a bike loan at ZX Bank?,"[{""filename"": ""ZX Bank Bike Loan.md"", ""text"": ""### How to Apply for a Bike Loan\n\n### 1. **Online via ZX Bank Asia App or Website**\n - **Step 1:** Download the **ZX Bank Asia** App (Android/iOS) or visit [www.zxbank.asia](https://www.zxbank.asia)\n - **Step 2:** Select \u201cApply for Bike Loan\u201d under the Loans section\n - **Step 3:** Fill in your details and upload required documents (e-KYC, income proof, quotation of bike)\n - **Step 4:** Get instant approval and track your status via app\n\n### 2. **At Your Nearest ZX Bank Branch**\n - Visit any ZX Bank branch with basic KYC documents and bike quotation\n - Complete the application form with assistance from our staff\n - Get approval and documentation assistance""}]"
ZX Bank,Descriptive,What are the key features of the ZX Bank Bike Loan?,"[{""filename"": ""ZX Bank Bike Loan.md"", ""text"": ""## ## Key Features\n\n- **Up to \u20b92 Lakhs** for two-wheelers (including electric bikes)\n- **10-minute e-KYC** and instant eligibility check\n- **Zero Prepayment Charges** after 12 EMIs\n- **Special Interest Rate** for women applicants and rural borrowers""}]"
ZX Bank,Comparative,How does ZX Bank's bike loan compare in interest rates to other typical loans?,"[{""filename"": ""ZX Bank Bike Loan.md"", ""text"": ""## ## Why Choose ZX Bank Bike Loan?\n\n- **Attractive Interest Rates** \u2013 Starting from *9.49% p.a.*\n- **Loan Amount** \u2013 Up to 100% of on-road bike price\n- **Flexible Repayment Tenure** \u2013 12 to 48 months\n- **Quick Disbursal** \u2013 Get your loan sanctioned in as little as 24 hours\n- **Minimal Documentation** \u2013 Paperless process via net banking & mobile app\n- **No Hidden Charges** \u2013 Transparent processing""}]"
ZX Bank,Boolean,Does ZX Bank Bike Loan have any prepayment charges?,"[{""filename"": ""ZX Bank Bike Loan.md"", ""text"": ""## ## Key Features\n\n- **Zero Prepayment Charges** after 12 EMIs""}]"
ZX Bank,Descriptive,What is the branch network of ZX Bank in Bhutan?,"[{""filename"": ""Branch Network in Bhutan.md"", ""text"": ""ZX Bank Ltd. has established a robust and accessible banking infrastructure across Bhutan, supporting both urban and semi-urban communities. The branch network ensures that customers in key regions \u2014 Thimphu, Paro, Punakha, Phuentsholing, and Gelephu \u2014 have convenient access to retail banking, digital services, and remittance facilities. Below, find region-wise details of branch locations, IFSC codes, and contact numbers to assist customers in connecting with our local banking offices.""}]"
ZX Bank,Boolean,Does ZX Bank have a branch in Thimphu?,"[{""filename"": ""Branch Network in Bhutan.md"", ""text"": ""ZX Bank has established branches in several key regions, including Thimphu.""}, {""filename"": ""Branch Network in Bhutan.md"", ""text"": ""In the Thimphu Region, ZX Bank branches are located at Near Clock Tower, Norzin Lam and 1st Floor, City Mall, Changlam.""}]"
ZX Bank,Procedural,How can I find the contact number for the Paro Town branch of ZX Bank?,"[{""filename"": ""Branch Network in Bhutan.md"", ""text"": ""For the Paro Region, the branch located on Main Street, Paro Town can be contacted at +975-8-272502.""}]"
ZX Bank,Open-Ended,What services does ZX Bank offer in Bhutan?,"[{""filename"": ""Branch Network in Bhutan.md"", ""text"": ""ZX Bank provides retail banking, digital services, and remittance facilities, ensuring accessibility across urban and semi-urban communities in Bhutan.""}]"
ZX Bank,Analytical,Why might ZX Bank consider Phuentsholing an important location for establishing branches?,"[{""filename"": ""Branch Network in Bhutan.md"", ""text"": ""Phuentsholing is listed among key regions for ZX Bank's branch network, suggesting its strategic importance for retail banking, digital services, and remittance facilities. The presence of multiple branches in Phuentsholing indicates a need to support the local economy and population.""}]"
ZX Bank,Descriptive,What is the purpose of ZX Bank's ATM locations at restaurants?,"[{""filename"": ""ATMs at Famous Restaurants.md"", ""text"": ""Below is a list of ZX Bank ATMs conveniently located at or near popular, high-traffic restaurants in each major city. This list is ideal for travelers, foodies, and city-dwellers who love to dine out and need quick banking and cash withdrawal access.""}]"
ZX Bank,Open-Ended,Which cities are covered by ZX Bank's ATM locations?,"[{""filename"": ""ATMs at Famous Restaurants.md"", ""text"": ""Below is a list of ZX Bank ATMs conveniently located at or near popular, high-traffic restaurants in each major city.""}, {""filename"": ""ATMs at Famous Restaurants.md"", ""text"": ""* Mumbai, Delhi, Bangalore, Hyderabad, Chennai, Kolkata, Pune, Ahmedabad, Surat, Jaipur, Lucknow, Kanpur, Nagpur, Indore, Bhopal, Visakhapatnam, Patna, Vadodara, Ludhiana, Coimbatore""}]"
ZX Bank,Boolean,Are there ZX Bank ATMs located in Chennai?,"[{""filename"": ""ATMs at Famous Restaurants.md"", ""text"": ""## Chennai \u2013 Tamil Nadu\n1. **Murugan Idli Shop** \n T. Nagar, Chennai, Tamil Nadu 600017\n2. **Saravana Bhavan** \n Radhakrishnan Salai, Mylapore, Chennai, Tamil Nadu 600004""}]"
ZX Bank,Procedural,How can I find more up-to-date information about ZX Bank's ATM locations?,"[{""filename"": ""ATMs at Famous Restaurants.md"", ""text"": ""*For up-to-date addresses and services, visit the [ZX Bank Website](www.zxbank.asia).*""}]"
ZX Bank,Comparative,How does ZX Bank's ATM strategy differ in Hyderabad compared to Ludhiana?,"[{""filename"": ""ATMs at Famous Restaurants.md"", ""text"": ""## Hyderabad \u2013 Telangana\n1. **Paradise Biryani** \n SD Road, Secunderabad, Hyderabad, Telangana 500003\n2. **Bawarchi** \n RTC Cross Road, Musheerabad, Hyderabad, Telangana 500020\n\n## Ludhiana \u2013 Punjab\n1. **Bistro 226** \n Ferozepur Road, Ludhiana, Punjab 141001\n2. **Barbeque Nation** \n Feroze Gandhi Market, Ludhiana, Punjab 141001""}]"
ZX Bank,Descriptive,What is the history of ZX Bank Ltd.?,"[{""filename"": ""About ZX Bank Ltd.md"", ""text"": ""ZX Bank Ltd. is headquartered in Mumbai, Maharashtra, India, and was founded in 1998. It operates as a private sector commercial bank with a strong focus on retail, corporate, and digital banking services. The bank is known for its extensive presence in South Asia, offering a range of financial services.""}]"
ZX Bank,Comparative,How does ZX Bank's presence in India compare to its presence in Sri Lanka?,"[{""filename"": ""About ZX Bank Ltd.md"", ""text"": ""In India, ZX Bank has full-service operations in retail, corporate, and digital banking with over 560 branches and 1,200 ATMs. In contrast, in Sri Lanka, the bank has 32 branches that focus on SME, personal banking, and remittance corridors, along with 40 ATMs.""}]"
ZX Bank,Procedural,How can I perform a balance check using the ZX Bank mobile app?,"[{""filename"": ""About ZX Bank Ltd.md"", ""text"": ""The ZX Bank Asia mobile app, available on Android and iOS, allows users to perform functions like balance checks. Users can log in using biometric login or QR scan pay to access features such as fund transfer, loan tracking, and bill payments.""}]"
ZX Bank,Analytical,Why might ZX Bank focus on green finance projects in Bhutan and Nepal?,"[{""filename"": ""About ZX Bank Ltd.md"", ""text"": ""ZX Bank engages in green finance projects as part of its CSR and ESG focus. The bank partners with hydropower ventures in Bhutan and solar ventures in Nepal, which aligns with a commitment to sustainable development and environmental responsibility. This strategy supports regional energy needs while enhancing the bank\u2019s reputation in environmentally friendly initiatives.""}]"
ZX Bank,Boolean,Is ZX Bank's CEO a woman?,"[{""filename"": ""About ZX Bank Ltd.md"", ""text"": ""Yes, the CEO of ZX Bank is Anjali Deshmukh, indicating the bank's leadership includes diversity at the executive level.""}]"
ZX Bank,Procedural,How do I close a savings account at ZX Bank?,"[{""filename"": ""Account Close Guide.md"", ""text"": ""1. **Visit Your Home Branch**: Bring valid photo ID (e.g., Aadhaar, Passport) and your passbook/debit card.\n2. **Fill Out the Account Closure Form**: Request and complete the \u2018Savings Account Closure Form\u2019 at the branch.\n3. **Settle Dues**: Ensure all cheque books and debit cards are returned. Settle any outstanding charges.\n4. **Withdraw Remaining Balance**: The final balance will be paid in cash or transferred to another account of your choice.\n5. **Get Confirmation**: Obtain an account closure acknowledgment receipt.""}, {""filename"": ""Account Close Guide.md"", ""text"": ""Currently, ZX Bank requires in-branch verification for savings account closures.""}]"
ZX Bank,Boolean,Can I close my ZX Bank savings account online?,"[{""filename"": ""Account Close Guide.md"", ""text"": ""Currently, ZX Bank requires in-branch verification for savings account closures.""}]"
ZX Bank,Procedural,What steps are involved in closing a current account at ZX Bank?,"[{""filename"": ""Account Close Guide.md"", ""text"": ""1. **Visit the Opening Branch**: Bring company/entity proofs (for business accounts) and authorized signatory\u2019s ID.\n2. **Submit Account Closure Form**: Fill and sign the \u2018Current Account Closure Form\u2019. For joint or partnership accounts, all account holders/signatories must sign.\n3. **Return Documents and Cheques**: Return all unused cheque leaves, debit/ATM cards & passbook.\n4. **Settle Pending Dues**: Clear any outstanding overdrafts, fees, or charges.\n5. **Receive Closure Confirmation**: Ask for a written confirmation/receipt from the bank.""}]"
ZX Bank,Analytical,Why might a salary account be converted to a savings account at ZX Bank?,"[{""filename"": ""Account Close Guide.md"", ""text"": ""If your salary is not credited for 3 consecutive months, the salary account may convert to a savings account, with related charges applicable.""}]"
ZX Bank,Descriptive,What should you do before closing an account at ZX Bank?,"[{""filename"": ""Account Close Guide.md"", ""text"": ""Please ensure all auto-debits/standing instructions are cancelled before closing your account. Charges may apply as per bank policy.""}]"
ZX Bank,Analytical,Why has ZX Bank placed branches in all major regions of Lucknow?,"[{""filename"": ""Lucknow Branch Network.md"", ""text"": ""ZX Bank has established a comprehensive banking network across Lucknow, ensuring residents of every major region\u2014North, South, East, West, and Central Lucknow\u2014can access modern banking services with ease. With 22 strategically located branches, customers benefit from seamless banking, personalized advisory, and digital services across the city.""}]"
ZX Bank,Comparative,How do the branch services in North Lucknow differ from those in South Lucknow?,"[{""filename"": ""Lucknow Branch Network.md"", ""text"": ""The markdown provides the branch addresses, IFSC codes, and contact numbers for both North Lucknow and South Lucknow, indicating comprehensive services across these regions. While specific service differences are not detailed, both areas offer accessibility to modern banking.""}]"
ZX Bank,Descriptive,What is the branch network of ZX Bank in Central Lucknow?,"[{""filename"": ""Lucknow Branch Network.md"", ""text"": ""ZX Bank\u2019s Central Lucknow branches include key locations such as Hazratganj, Vidhan Sabha Marg; Kaiserbagh, Near Court; Aminabad, Latouche Road; Lalbagh, M.G. Road; and Chowk, Near Jawahar Bhawan. Each branch is listed with its specific IFSC code and contact number for customer convenience.""}]"
ZX Bank,Procedural,How can I find the IFSC code for ZX Bank's Gomti Nagar branch?,"[{""filename"": ""Lucknow Branch Network.md"", ""text"": ""Refer to the provided East Lucknow branch section where you can find the details for ZX Bank's Gomti Nagar branch, including the IFSC code (ZXIN0001031) alongside the branch address and contact number.""}]"
ZX Bank,Procedural,How can I download the ZX Bank Asia app on Android devices?,"[{""filename"": ""ZX Bank Asia Mobile App Guide.md"", ""text"": ""For Android:\n1. Open Google Play Store.\n2. Search for: `ZX Bank Asia`.\n3. Tap `Download` and install the app.""}]"
ZX Bank,Procedural,How do I activate mobile banking on the ZX Bank Asia app?,"[{""filename"": ""ZX Bank Asia Mobile App Guide.md"", ""text"": ""1. Open the ZX Bank Asia App.\n2. Tap on `Register / Activate`.\n3. Enter your registered mobile number & customer ID/account number.\n4. Authenticate via OTP sent to your mobile.\n5. Set your preferred login PIN or configure biometric authentication (fingerprint/Face ID).\n6. Complete e-KYC verification if prompted.""}]"
ZX Bank,Comparative,What security options does the ZX Bank Asia app offer compared to traditional banking methods?,"[{""filename"": ""ZX Bank Asia Mobile App Guide.md"", ""text"": ""Security Options:\n- Biometric login (fingerprint/Face ID)\n- Dynamic device registration & One-Time Password (OTP) validation\n- Instant blocking of internet/mobile banking through the app""}, {""filename"": ""ZX Bank Asia Mobile App Guide.md"", ""text"": ""With support for Android and iOS, manage your finances on the go with intuitive banking features, advanced security, and real-time assistance.""}]"
ZX Bank,Descriptive,What features does the ZX Bank Asia mobile app offer for account management?,"[{""filename"": ""ZX Bank Asia Mobile App Guide.md"", ""text"": ""Account Management:\n- Check savings/current account balances.\n- View transaction history and mini statements.\n- Track FD, RD, and loan details in real-time.""}]"
ZX Bank,Boolean,Can you manage credit and debit cards using the ZX Bank Asia app?,"[{""filename"": ""ZX Bank Asia Mobile App Guide.md"", ""text"": ""Yes, you can manage credit and debit cards using the app, including viewing existing cards, blocking cards, resetting PINs, and applying for new cards.""}]"
ZX Bank,Comparative,How does ZX Bank Fixed Deposits differ from regular savings accounts?,"[{""filename"": ""ZX Bank Fixed Deposits.md"", ""text"": ""Why Choose ZX Bank Fixed Deposits?\n- **Competitive Interest Rates:** Enjoy higher returns compared to regular savings accounts.""}]"
ZX Bank,Procedural,How do I apply for a fixed deposit at ZX Bank?,"[{""filename"": ""ZX Bank Fixed Deposits.md"", ""text"": ""How to Apply\n1. **Via Mobile App:** \n - Download the ZX Bank Asia app (Android/iOS)\n - Register/login and choose \""Fixed Deposit\""\n - Select amount, tenure, and nominee\n - Confirm with OTP/biometric authentication\n\n2. **Via NetBanking:** \n - Login to www.zxbank.asia\n - Navigate to \""Deposits\"" \u2192 \""Open Fixed Deposit\""\n - Fill in required details and confirm\n\n3. **At Branch:** \n - Visit your nearest ZX Bank branch with KYC documents\n - Fill out the FD application form and deposit the amount""}]"
ZX Bank,Descriptive,What are the features and benefits of ZX Bank Fixed Deposits?,"[{""filename"": ""ZX Bank Fixed Deposits.md"", ""text"": ""Features & Benefits\n- Minimum Deposit: \u20b95,000 (India), LKR 10,000 (Sri Lanka), BDT 10,000 (Bangladesh), BTN 1,000 (Bhutan), NPR 1,500 (Nepal)\n- Interest Payout: Choose from monthly, quarterly, or on maturity payout options\n- Special Schemes: Senior citizen extra interest, tax-saver FDs, recurring deposit variants\n- Joint Deposits: Facility for joint holding and nomination\n- Auto-renewal: Hassle-free renewal option available""}]"
ZX Bank,Boolean,Is it possible to open a fixed deposit digitally with ZX Bank?,"[{""filename"": ""ZX Bank Fixed Deposits.md"", ""text"": ""Available In\n| Country | Currency | Branch Booking | Online/Digital Booking |\n|-------------|--------------|:--------------:|:---------------------:|\n| India | INR | \u2705 | \u2705 |\n| Sri Lanka | LKR | \u2705 | \u2705 |\n| Bangladesh | BDT | \u2705 | \u2705 |\n| Bhutan | BTN | \u2705 | \u2705 |\n| Nepal | NPR | \u2705 | \u2705 |""}]"
ZX Bank,Analytical,Why might customers choose ZX Bank's Fixed Deposits?,"[{""filename"": ""ZX Bank Fixed Deposits.md"", ""text"": ""Why Choose ZX Bank Fixed Deposits?\n- **Competitive Interest Rates:** Enjoy higher returns compared to regular savings accounts.\n- **Flexible Tenures:** Tenure options ranging from 7 days to 10 years.\n- **Safe & Secure:** Backed by ZX Bank\u2019s sound financial position and regulatory compliance.\n- **Loan Against FD:** Avail instant overdraft or loans up to 90% of your FD value.\n- **Premature Withdrawal:** Facility available (premature closure charges may apply).\n- **Digital Opening:** Open, renew, or close FDs instantly through ZX Bank Asia mobile app or NetBanking.""}]"
ZX Bank,Procedural,How do I enable auto debit for my bills with ZX Bank?,"[{""filename"": ""Bill Payments.md"", ""text"": ""Register Online: Enable auto debit for your chosen billers via Mobile App or NetBanking.""}, {""filename"": ""Bill Payments.md"", ""text"": ""Custom Schedule: Select the payment date (due date or preferred day prior).""}, {""filename"": ""Bill Payments.md"", ""text"": ""Automated Payments: ZX Bank automatically processes payments on your behalf.""}, {""filename"": ""Bill Payments.md"", ""text"": ""Manage & Cancel Anytime: Modify or stop auto debits anytime using the \""Manage Mandates\"" section.""}]"
ZX Bank,Descriptive,What are the features of ZX Bank's bill payment services?,"[{""filename"": ""Bill Payments.md"", ""text"": ""ZX Bank aims to simplify your bill management experience with its robust Bill Payments and Auto Debit features, accessible via the ZX Bank Asia Mobile App, NetBanking, and branch network.""}, {""filename"": ""Bill Payments.md"", ""text"": ""Key Features include: One-Time Setup, Secure Payments protected with OTP, biometric & device authentication, Coverage of over 400+ billers across India, Sri Lanka, Bangladesh, Bhutan, Nepal, Real-Time Tracking, and an AI Financial Assistant (\u201cZia\u201d).""}]"
ZX Bank,Boolean,Can you pay educational fees using ZX Bank's bill payment service?,"[{""filename"": ""Bill Payments.md"", ""text"": ""Supported Bill Payment Categories include: Credit Cards (ZX Bank & other banks), Mobile/Postpaid Bills, Prepaid Mobile Recharge, DTH, Broadband & Landline, Electricity, Water, & Gas, Insurance Premiums, Educational Fees, Municipality Taxes.""}]"
ZX Bank,Comparative,How do the security features of ZX Bank's bill payment service compare to traditional payment methods?,"[{""filename"": ""Bill Payments.md"", ""text"": ""ZX Bank's payments are secured with OTP, biometric authentication, and device authentication.""}, {""filename"": ""Bill Payments.md"", ""text"": ""Traditional payment methods might rely on basic password protection without advanced biometric or device-authentication features.""}]"
ZX Bank,Descriptive,What is ZX Bank's branch network like in Bhopal?,"[{""filename"": ""Branch Network in Bhopal.md"", ""text"": ""ZX Bank Ltd. maintains a strong presence in Bhopal, ensuring convenient access to its services for customers across the city's diverse neighborhoods. With a carefully distributed network of eight branches throughout North, South, East, West, and Central Bhopal, customers benefit from seamless banking facilities in both residential and commercial hubs. Each branch is equipped to offer comprehensive retail, corporate, and digital banking solutions tailored to local needs.""}]"
ZX Bank,Open-Ended,How many branches does ZX Bank have in Bhopal?,"[{""filename"": ""Branch Network in Bhopal.md"", ""text"": ""ZX Bank Ltd. maintains a strong presence in Bhopal... With a carefully distributed network of eight branches...""}]"
ZX Bank,Boolean,Does ZX Bank have a branch in South Bhopal?,"[{""filename"": ""Branch Network in Bhopal.md"", ""text"": ""South Bhopal\n\n| Branch Address | IFSC Code | Contact Number |\n|-----------------------------------------------------|----------------|-------------------|\n| 25/1 Malviya Nagar, Nehru Nagar, Bhopal | ZXIN0001203 | 0755-2872555 |\n| Shop 3, Fortune Plaza, Kolar Road, South Bhopal | ZXIN0001204 | 0755-2891820 |""}]"
ZX Bank,Procedural,How can I contact the ZX Bank branch in West Bhopal?,"[{""filename"": ""Branch Network in Bhopal.md"", ""text"": ""West Bhopal\n\n| Branch Address | IFSC Code | Contact Number |\n|-------------------------------------------------|----------------|-------------------|\n| 102, Shyamla Hills Main Road, Bhopal | ZXIN0001206 | 0755-2761070 |""}]"
ZX Bank,Open-Ended,What services do ZX Bank branches in Bhopal offer?,"[{""filename"": ""Branch Network in Bhopal.md"", ""text"": ""Each branch is equipped to offer comprehensive retail, corporate, and digital banking solutions tailored to local needs.""}]"
